-1,-1,d1ITIHBD1nAvN2iK8MRjuxcDhRg=,bEYGC0Rm/LHpIU/tcxWwwfVifu4=
-1,-2,d1ITIHBD1nAvN2iK8MRjuxcDhRg=,bEYGC0Rm/LHpIU/tcxWwwfVifu4=
-1,-3,d1ITIHBD1nAvN2iK8MRjuxcDhRg=,f2V6SV9WA73Hx0ZeeZwCGbob2mo=
-2,-2,d1ITIHBD1nAvN2iK8MRjuxcDhRg=,bEYGC0Rm/LHpIU/tcxWwwfVifu4=
-2,-1,d1ITIHBD1nAvN2iK8MRjuxcDhRg=,bEYGC0Rm/LHpIU/tcxWwwfVifu4=
-2,-3,d1ITIHBD1nAvN2iK8MRjuxcDhRg=,IqVW9MzYtYw+7DoPD3EycNVCiGM=
-3,-3,d1ITIHBD1nAvN2iK8MRjuxcDhRg=,f2V6SV9WA73Hx0ZeeZwCGbob2mo=
-3,-1,d1ITIHBD1nAvN2iK8MRjuxcDhRg=,f2V6SV9WA73Hx0ZeeZwCGbob2mo=
-3,-2,d1ITIHBD1nAvN2iK8MRjuxcDhRg=,IqVW9MzYtYw+7DoPD3EycNVCiGM=
