-5,-14,OmKwU5K/c8d+S1wV8i8TlngUe4w=,Ndk+dGfegi2RwXCyChV7AkHjr8E=
-5,-15,OmKwU5K/c8d+S1wV8i8TlngUe4w=,N6Ga0sGYnB3I7ixLPrmC87ilX04=
-4,-15,OmKwU5K/c8d+S1wV8i8TlngUe4w=,S1Splknp2Ff77yBgvCE7XrxhoYM=
-4,-14,OmKwU5K/c8d+S1wV8i8TlngUe4w=,W/J5zvpowhAu9PQ2czABdD1wndI=
-3,-14,OmKwU5K/c8d+S1wV8i8TlngUe4w=,W/J5zvpowhAu9PQ2czABdD1wndI=
-2,-15,OmKwU5K/c8d+S1wV8i8TlngUe4w=,guVj7vqMdCQhy3PGkON1I3N5+H8=
-3,-15,OmKwU5K/c8d+S1wV8i8TlngUe4w=,S1Splknp2Ff77yBgvCE7XrxhoYM=
-2,-14,OmKwU5K/c8d+S1wV8i8TlngUe4w=,Ndk+dGfegi2RwXCyChV7AkHjr8E=
-3,-13,OmKwU5K/c8d+S1wV8i8TlngUe4w=,W/J5zvpowhAu9PQ2czABdD1wndI=
-2,-12,OmKwU5K/c8d+S1wV8i8TlngUe4w=,7sbauLkcwnpQXbbsWvuspRdeb2k=
-3,-12,OmKwU5K/c8d+S1wV8i8TlngUe4w=,t+ncGAABxwJme5xuhaTBRXATtb4=
-2,-13,OmKwU5K/c8d+S1wV8i8TlngUe4w=,Ndk+dGfegi2RwXCyChV7AkHjr8E=
-2,-10,OmKwU5K/c8d+S1wV8i8TlngUe4w=,Ndk+dGfegi2RwXCyChV7AkHjr8E=
-2,-11,OmKwU5K/c8d+S1wV8i8TlngUe4w=,7sbauLkcwnpQXbbsWvuspRdeb2k=
-3,-11,eMgmQ+DkB7Lgar2Ffbn9SoRksMA=,t+ncGAABxwJme5xuhaTBRXATtb4=
-3,-10,eMgmQ+DkB7Lgar2Ffbn9SoRksMA=,ySjyZbTwTUzPIhW7B460fhFmqqc=
-4,-9,eMgmQ+DkB7Lgar2Ffbn9SoRksMA=,ySjyZbTwTUzPIhW7B460fhFmqqc=
-5,-8,eMgmQ+DkB7Lgar2Ffbn9SoRksMA=,e5A8CLmi2OKu/NsaZc3+il+4WRI=
-5,-9,eMgmQ+DkB7Lgar2Ffbn9SoRksMA=,7s+8thaokinIfFj42EdsN6KUuwI=
-4,-8,eMgmQ+DkB7Lgar2Ffbn9SoRksMA=,D7EkAxRmQU8p0+j70zvsRpka86E=
-2,-9,eMgmQ+DkB7Lgar2Ffbn9SoRksMA=,Ndk+dGfegi2RwXCyChV7AkHjr8E=
-2,-8,eMgmQ+DkB7Lgar2Ffbn9SoRksMA=,guVj7vqMdCQhy3PGkON1I3N5+H8=
-3,-8,eMgmQ+DkB7Lgar2Ffbn9SoRksMA=,D7EkAxRmQU8p0+j70zvsRpka86E=
-3,-9,eMgmQ+DkB7Lgar2Ffbn9SoRksMA=,ySjyZbTwTUzPIhW7B460fhFmqqc=
-6,-8,eMgmQ+DkB7Lgar2Ffbn9SoRksMA=,e5A8CLmi2OKu/NsaZc3+il+4WRI=
-6,-9,eMgmQ+DkB7Lgar2Ffbn9SoRksMA=,7s+8thaokinIfFj42EdsN6KUuwI=
-7,-8,eMgmQ+DkB7Lgar2Ffbn9SoRksMA=,ySjyZbTwTUzPIhW7B460fhFmqqc=
-7,-9,eMgmQ+DkB7Lgar2Ffbn9SoRksMA=,e5A8CLmi2OKu/NsaZc3+il+4WRI=
-8,-8,eMgmQ+DkB7Lgar2Ffbn9SoRksMA=,ySjyZbTwTUzPIhW7B460fhFmqqc=
-9,-8,eMgmQ+DkB7Lgar2Ffbn9SoRksMA=,ySjyZbTwTUzPIhW7B460fhFmqqc=
-9,-9,eMgmQ+DkB7Lgar2Ffbn9SoRksMA=,NmZolbh7cIojGqCdcXzgJsNat60=
-8,-9,eMgmQ+DkB7Lgar2Ffbn9SoRksMA=,e5A8CLmi2OKu/NsaZc3+il+4WRI=
-11,-10,eMgmQ+DkB7Lgar2Ffbn9SoRksMA=,NmZolbh7cIojGqCdcXzgJsNat60=
-10,-11,eMgmQ+DkB7Lgar2Ffbn9SoRksMA=,N6Ga0sGYnB3I7ixLPrmC87ilX04=
-11,-11,eMgmQ+DkB7Lgar2Ffbn9SoRksMA=,W/J5zvpowhAu9PQ2czABdD1wndI=
-10,-10,eMgmQ+DkB7Lgar2Ffbn9SoRksMA=,NmZolbh7cIojGqCdcXzgJsNat60=
-11,-13,eMgmQ+DkB7Lgar2Ffbn9SoRksMA=,D7EkAxRmQU8p0+j70zvsRpka86E=
-11,-12,eMgmQ+DkB7Lgar2Ffbn9SoRksMA=,W/J5zvpowhAu9PQ2czABdD1wndI=
-10,-13,eMgmQ+DkB7Lgar2Ffbn9SoRksMA=,t+ncGAABxwJme5xuhaTBRXATtb4=
-10,-12,eMgmQ+DkB7Lgar2Ffbn9SoRksMA=,N6Ga0sGYnB3I7ixLPrmC87ilX04=
-11,-8,eMgmQ+DkB7Lgar2Ffbn9SoRksMA=,D7EkAxRmQU8p0+j70zvsRpka86E=
-10,-9,eMgmQ+DkB7Lgar2Ffbn9SoRksMA=,NmZolbh7cIojGqCdcXzgJsNat60=
-11,-9,eMgmQ+DkB7Lgar2Ffbn9SoRksMA=,NmZolbh7cIojGqCdcXzgJsNat60=
-10,-8,eMgmQ+DkB7Lgar2Ffbn9SoRksMA=,ySjyZbTwTUzPIhW7B460fhFmqqc=
-11,-6,eMgmQ+DkB7Lgar2Ffbn9SoRksMA=,D7EkAxRmQU8p0+j70zvsRpka86E=
-10,-6,eMgmQ+DkB7Lgar2Ffbn9SoRksMA=,ySjyZbTwTUzPIhW7B460fhFmqqc=
-10,-7,eMgmQ+DkB7Lgar2Ffbn9SoRksMA=,ySjyZbTwTUzPIhW7B460fhFmqqc=
-11,-7,eMgmQ+DkB7Lgar2Ffbn9SoRksMA=,D7EkAxRmQU8p0+j70zvsRpka86E=
-9,-7,eMgmQ+DkB7Lgar2Ffbn9SoRksMA=,ySjyZbTwTUzPIhW7B460fhFmqqc=
-9,-6,eMgmQ+DkB7Lgar2Ffbn9SoRksMA=,ySjyZbTwTUzPIhW7B460fhFmqqc=
-8,-7,eMgmQ+DkB7Lgar2Ffbn9SoRksMA=,ySjyZbTwTUzPIhW7B460fhFmqqc=
-8,-6,eMgmQ+DkB7Lgar2Ffbn9SoRksMA=,7sbauLkcwnpQXbbsWvuspRdeb2k=
-6,-6,eMgmQ+DkB7Lgar2Ffbn9SoRksMA=,guVj7vqMdCQhy3PGkON1I3N5+H8=
-6,-7,eMgmQ+DkB7Lgar2Ffbn9SoRksMA=,e5A8CLmi2OKu/NsaZc3+il+4WRI=
-7,-7,eMgmQ+DkB7Lgar2Ffbn9SoRksMA=,ySjyZbTwTUzPIhW7B460fhFmqqc=
-7,-6,eMgmQ+DkB7Lgar2Ffbn9SoRksMA=,7sbauLkcwnpQXbbsWvuspRdeb2k=
-5,-6,eMgmQ+DkB7Lgar2Ffbn9SoRksMA=,guVj7vqMdCQhy3PGkON1I3N5+H8=
-5,-7,eMgmQ+DkB7Lgar2Ffbn9SoRksMA=,e5A8CLmi2OKu/NsaZc3+il+4WRI=
-4,-7,eMgmQ+DkB7Lgar2Ffbn9SoRksMA=,D7EkAxRmQU8p0+j70zvsRpka86E=
-4,-6,eMgmQ+DkB7Lgar2Ffbn9SoRksMA=,t+ncGAABxwJme5xuhaTBRXATtb4=
-5,-4,eMgmQ+DkB7Lgar2Ffbn9SoRksMA=,t+ncGAABxwJme5xuhaTBRXATtb4=
-5,-5,eMgmQ+DkB7Lgar2Ffbn9SoRksMA=,guVj7vqMdCQhy3PGkON1I3N5+H8=
-4,-4,eMgmQ+DkB7Lgar2Ffbn9SoRksMA=,FpggQWUFNIM+oJuHGn+9OPPhO3w=
-4,-5,eMgmQ+DkB7Lgar2Ffbn9SoRksMA=,t+ncGAABxwJme5xuhaTBRXATtb4=
-2,-6,eMgmQ+DkB7Lgar2Ffbn9SoRksMA=,e5A8CLmi2OKu/NsaZc3+il+4WRI=
-2,-7,eMgmQ+DkB7Lgar2Ffbn9SoRksMA=,guVj7vqMdCQhy3PGkON1I3N5+H8=
-3,-7,eMgmQ+DkB7Lgar2Ffbn9SoRksMA=,D7EkAxRmQU8p0+j70zvsRpka86E=
-3,-6,eMgmQ+DkB7Lgar2Ffbn9SoRksMA=,t+ncGAABxwJme5xuhaTBRXATtb4=
-2,-5,eMgmQ+DkB7Lgar2Ffbn9SoRksMA=,e5A8CLmi2OKu/NsaZc3+il+4WRI=
-3,-4,eMgmQ+DkB7Lgar2Ffbn9SoRksMA=,FpggQWUFNIM+oJuHGn+9OPPhO3w=
-2,-4,eMgmQ+DkB7Lgar2Ffbn9SoRksMA=,FpggQWUFNIM+oJuHGn+9OPPhO3w=
-3,-5,eMgmQ+DkB7Lgar2Ffbn9SoRksMA=,t+ncGAABxwJme5xuhaTBRXATtb4=
-5,-2,eMgmQ+DkB7Lgar2Ffbn9SoRksMA=,7sbauLkcwnpQXbbsWvuspRdeb2k=
-4,-1,eMgmQ+DkB7Lgar2Ffbn9SoRksMA=,W/J5zvpowhAu9PQ2czABdD1wndI=
-5,-1,eMgmQ+DkB7Lgar2Ffbn9SoRksMA=,7sbauLkcwnpQXbbsWvuspRdeb2k=
-3,-16,eMgmQ+DkB7Lgar2Ffbn9SoRksMA=,S1Splknp2Ff77yBgvCE7XrxhoYM=
-2,-16,eMgmQ+DkB7Lgar2Ffbn9SoRksMA=,guVj7vqMdCQhy3PGkON1I3N5+H8=
-4,-2,eMgmQ+DkB7Lgar2Ffbn9SoRksMA=,W/J5zvpowhAu9PQ2czABdD1wndI=
-5,-3,eMgmQ+DkB7Lgar2Ffbn9SoRksMA=,t+ncGAABxwJme5xuhaTBRXATtb4=
-4,-3,dBdaCtaXWBWpOng0uNL5mS1M9iY=,FpggQWUFNIM+oJuHGn+9OPPhO3w=
-1,-15,dBdaCtaXWBWpOng0uNL5mS1M9iY=,guVj7vqMdCQhy3PGkON1I3N5+H8=
-1,-14,dBdaCtaXWBWpOng0uNL5mS1M9iY=,Ndk+dGfegi2RwXCyChV7AkHjr8E=
-1,-10,dBdaCtaXWBWpOng0uNL5mS1M9iY=,Ndk+dGfegi2RwXCyChV7AkHjr8E=
-1,-11,dBdaCtaXWBWpOng0uNL5mS1M9iY=,7sbauLkcwnpQXbbsWvuspRdeb2k=
-5,-16,dBdaCtaXWBWpOng0uNL5mS1M9iY=,N6Ga0sGYnB3I7ixLPrmC87ilX04=
-4,-16,dBdaCtaXWBWpOng0uNL5mS1M9iY=,S1Splknp2Ff77yBgvCE7XrxhoYM=
-9,-5,dBdaCtaXWBWpOng0uNL5mS1M9iY=,ySjyZbTwTUzPIhW7B460fhFmqqc=
-9,-3,dBdaCtaXWBWpOng0uNL5mS1M9iY=,NmZolbh7cIojGqCdcXzgJsNat60=
-9,-4,dBdaCtaXWBWpOng0uNL5mS1M9iY=,NmZolbh7cIojGqCdcXzgJsNat60=
-9,-2,dBdaCtaXWBWpOng0uNL5mS1M9iY=,t+ncGAABxwJme5xuhaTBRXATtb4=
-8,-2,dBdaCtaXWBWpOng0uNL5mS1M9iY=,e5A8CLmi2OKu/NsaZc3+il+4WRI=
-1,-8,dBdaCtaXWBWpOng0uNL5mS1M9iY=,guVj7vqMdCQhy3PGkON1I3N5+H8=
-7,-2,dBdaCtaXWBWpOng0uNL5mS1M9iY=,e5A8CLmi2OKu/NsaZc3+il+4WRI=
-6,-5,dBdaCtaXWBWpOng0uNL5mS1M9iY=,guVj7vqMdCQhy3PGkON1I3N5+H8=
-8,-3,dBdaCtaXWBWpOng0uNL5mS1M9iY=,guVj7vqMdCQhy3PGkON1I3N5+H8=
-8,-4,dBdaCtaXWBWpOng0uNL5mS1M9iY=,guVj7vqMdCQhy3PGkON1I3N5+H8=
-8,-5,dBdaCtaXWBWpOng0uNL5mS1M9iY=,7sbauLkcwnpQXbbsWvuspRdeb2k=
-1,-9,dBdaCtaXWBWpOng0uNL5mS1M9iY=,Ndk+dGfegi2RwXCyChV7AkHjr8E=
-1,-13,dBdaCtaXWBWpOng0uNL5mS1M9iY=,Ndk+dGfegi2RwXCyChV7AkHjr8E=
-6,-2,dBdaCtaXWBWpOng0uNL5mS1M9iY=,7sbauLkcwnpQXbbsWvuspRdeb2k=
-2,-2,dBdaCtaXWBWpOng0uNL5mS1M9iY=,S1Splknp2Ff77yBgvCE7XrxhoYM=
-1,-12,dBdaCtaXWBWpOng0uNL5mS1M9iY=,7sbauLkcwnpQXbbsWvuspRdeb2k=
-7,-3,dBdaCtaXWBWpOng0uNL5mS1M9iY=,guVj7vqMdCQhy3PGkON1I3N5+H8=
-7,-5,dBdaCtaXWBWpOng0uNL5mS1M9iY=,7sbauLkcwnpQXbbsWvuspRdeb2k=
-7,-4,dBdaCtaXWBWpOng0uNL5mS1M9iY=,guVj7vqMdCQhy3PGkON1I3N5+H8=
-6,-14,dBdaCtaXWBWpOng0uNL5mS1M9iY=,Ndk+dGfegi2RwXCyChV7AkHjr8E=
-6,-15,dBdaCtaXWBWpOng0uNL5mS1M9iY=,N6Ga0sGYnB3I7ixLPrmC87ilX04=
-6,-1,dBdaCtaXWBWpOng0uNL5mS1M9iY=,7sbauLkcwnpQXbbsWvuspRdeb2k=
-7,-1,dBdaCtaXWBWpOng0uNL5mS1M9iY=,e5A8CLmi2OKu/NsaZc3+il+4WRI=
-9,-1,dBdaCtaXWBWpOng0uNL5mS1M9iY=,t+ncGAABxwJme5xuhaTBRXATtb4=
-8,-1,dBdaCtaXWBWpOng0uNL5mS1M9iY=,e5A8CLmi2OKu/NsaZc3+il+4WRI=
-6,-16,dBdaCtaXWBWpOng0uNL5mS1M9iY=,N6Ga0sGYnB3I7ixLPrmC87ilX04=
-1,-4,dBdaCtaXWBWpOng0uNL5mS1M9iY=,FpggQWUFNIM+oJuHGn+9OPPhO3w=
-6,-4,dBdaCtaXWBWpOng0uNL5mS1M9iY=,t+ncGAABxwJme5xuhaTBRXATtb4=
-6,-3,dBdaCtaXWBWpOng0uNL5mS1M9iY=,t+ncGAABxwJme5xuhaTBRXATtb4=
-2,-1,dBdaCtaXWBWpOng0uNL5mS1M9iY=,S1Splknp2Ff77yBgvCE7XrxhoYM=
-1,-7,dBdaCtaXWBWpOng0uNL5mS1M9iY=,guVj7vqMdCQhy3PGkON1I3N5+H8=
-1,-5,dBdaCtaXWBWpOng0uNL5mS1M9iY=,e5A8CLmi2OKu/NsaZc3+il+4WRI=
-1,-6,dBdaCtaXWBWpOng0uNL5mS1M9iY=,e5A8CLmi2OKu/NsaZc3+il+4WRI=
-1,-1,dBdaCtaXWBWpOng0uNL5mS1M9iY=,S1Splknp2Ff77yBgvCE7XrxhoYM=
-2,-3,dBdaCtaXWBWpOng0uNL5mS1M9iY=,FpggQWUFNIM+oJuHGn+9OPPhO3w=
-1,-3,dBdaCtaXWBWpOng0uNL5mS1M9iY=,FpggQWUFNIM+oJuHGn+9OPPhO3w=
-1,-2,dBdaCtaXWBWpOng0uNL5mS1M9iY=,S1Splknp2Ff77yBgvCE7XrxhoYM=
-11,-14,dBdaCtaXWBWpOng0uNL5mS1M9iY=,D7EkAxRmQU8p0+j70zvsRpka86E=
-3,-3,dBdaCtaXWBWpOng0uNL5mS1M9iY=,FpggQWUFNIM+oJuHGn+9OPPhO3w=
-9,-16,dBdaCtaXWBWpOng0uNL5mS1M9iY=,gpEbYm/3qxD5WeKZVfk1U0rJ+s8=
-3,-1,dBdaCtaXWBWpOng0uNL5mS1M9iY=,W/J5zvpowhAu9PQ2czABdD1wndI=
-1,-16,dBdaCtaXWBWpOng0uNL5mS1M9iY=,guVj7vqMdCQhy3PGkON1I3N5+H8=
-9,-13,dBdaCtaXWBWpOng0uNL5mS1M9iY=,t+ncGAABxwJme5xuhaTBRXATtb4=
-10,-14,dBdaCtaXWBWpOng0uNL5mS1M9iY=,t+ncGAABxwJme5xuhaTBRXATtb4=
-11,-16,dBdaCtaXWBWpOng0uNL5mS1M9iY=,t+ncGAABxwJme5xuhaTBRXATtb4=
-10,-16,dBdaCtaXWBWpOng0uNL5mS1M9iY=,gpEbYm/3qxD5WeKZVfk1U0rJ+s8=
-11,-15,dBdaCtaXWBWpOng0uNL5mS1M9iY=,t+ncGAABxwJme5xuhaTBRXATtb4=
-9,-15,dBdaCtaXWBWpOng0uNL5mS1M9iY=,gpEbYm/3qxD5WeKZVfk1U0rJ+s8=
-10,-15,dBdaCtaXWBWpOng0uNL5mS1M9iY=,gpEbYm/3qxD5WeKZVfk1U0rJ+s8=
-9,-14,dBdaCtaXWBWpOng0uNL5mS1M9iY=,t+ncGAABxwJme5xuhaTBRXATtb4=
-3,-2,dBdaCtaXWBWpOng0uNL5mS1M9iY=,W/J5zvpowhAu9PQ2czABdD1wndI=
-9,-11,dBdaCtaXWBWpOng0uNL5mS1M9iY=,N6Ga0sGYnB3I7ixLPrmC87ilX04=
-9,-12,dBdaCtaXWBWpOng0uNL5mS1M9iY=,N6Ga0sGYnB3I7ixLPrmC87ilX04=
-8,-12,dBdaCtaXWBWpOng0uNL5mS1M9iY=,N6Ga0sGYnB3I7ixLPrmC87ilX04=
-8,-11,dBdaCtaXWBWpOng0uNL5mS1M9iY=,N6Ga0sGYnB3I7ixLPrmC87ilX04=
-9,-10,dBdaCtaXWBWpOng0uNL5mS1M9iY=,NmZolbh7cIojGqCdcXzgJsNat60=
-8,-10,dBdaCtaXWBWpOng0uNL5mS1M9iY=,e5A8CLmi2OKu/NsaZc3+il+4WRI=
-4,-13,dBdaCtaXWBWpOng0uNL5mS1M9iY=,W/J5zvpowhAu9PQ2czABdD1wndI=
-6,-13,dBdaCtaXWBWpOng0uNL5mS1M9iY=,Ndk+dGfegi2RwXCyChV7AkHjr8E=
-6,-10,dBdaCtaXWBWpOng0uNL5mS1M9iY=,7s+8thaokinIfFj42EdsN6KUuwI=
-5,-13,dBdaCtaXWBWpOng0uNL5mS1M9iY=,Ndk+dGfegi2RwXCyChV7AkHjr8E=
-5,-10,dBdaCtaXWBWpOng0uNL5mS1M9iY=,7s+8thaokinIfFj42EdsN6KUuwI=
-6,-12,dBdaCtaXWBWpOng0uNL5mS1M9iY=,t+ncGAABxwJme5xuhaTBRXATtb4=
-5,-12,dBdaCtaXWBWpOng0uNL5mS1M9iY=,t+ncGAABxwJme5xuhaTBRXATtb4=
-6,-11,dBdaCtaXWBWpOng0uNL5mS1M9iY=,t+ncGAABxwJme5xuhaTBRXATtb4=
-5,-11,dBdaCtaXWBWpOng0uNL5mS1M9iY=,t+ncGAABxwJme5xuhaTBRXATtb4=
-7,-12,dBdaCtaXWBWpOng0uNL5mS1M9iY=,N6Ga0sGYnB3I7ixLPrmC87ilX04=
-4,-10,dBdaCtaXWBWpOng0uNL5mS1M9iY=,ySjyZbTwTUzPIhW7B460fhFmqqc=
-4,-11,dBdaCtaXWBWpOng0uNL5mS1M9iY=,t+ncGAABxwJme5xuhaTBRXATtb4=
-4,-12,dBdaCtaXWBWpOng0uNL5mS1M9iY=,t+ncGAABxwJme5xuhaTBRXATtb4=
-7,-11,dBdaCtaXWBWpOng0uNL5mS1M9iY=,N6Ga0sGYnB3I7ixLPrmC87ilX04=
-7,-10,dBdaCtaXWBWpOng0uNL5mS1M9iY=,e5A8CLmi2OKu/NsaZc3+il+4WRI=
-13,-12,dBdaCtaXWBWpOng0uNL5mS1M9iY=,EBYWt0/QdJ0ZPyUxZkXLF7jQYMk=
-13,-13,dBdaCtaXWBWpOng0uNL5mS1M9iY=,NmZolbh7cIojGqCdcXzgJsNat60=
-12,-13,dBdaCtaXWBWpOng0uNL5mS1M9iY=,D7EkAxRmQU8p0+j70zvsRpka86E=
-12,-12,dBdaCtaXWBWpOng0uNL5mS1M9iY=,W/J5zvpowhAu9PQ2czABdD1wndI=
-13,-15,dBdaCtaXWBWpOng0uNL5mS1M9iY=,S1Splknp2Ff77yBgvCE7XrxhoYM=
-13,-16,dBdaCtaXWBWpOng0uNL5mS1M9iY=,S1Splknp2Ff77yBgvCE7XrxhoYM=
-13,-14,dBdaCtaXWBWpOng0uNL5mS1M9iY=,NmZolbh7cIojGqCdcXzgJsNat60=
-12,-14,dBdaCtaXWBWpOng0uNL5mS1M9iY=,D7EkAxRmQU8p0+j70zvsRpka86E=
-13,-8,dBdaCtaXWBWpOng0uNL5mS1M9iY=,e5A8CLmi2OKu/NsaZc3+il+4WRI=
-12,-16,dBdaCtaXWBWpOng0uNL5mS1M9iY=,t+ncGAABxwJme5xuhaTBRXATtb4=
-12,-15,dBdaCtaXWBWpOng0uNL5mS1M9iY=,t+ncGAABxwJme5xuhaTBRXATtb4=
-13,-11,dBdaCtaXWBWpOng0uNL5mS1M9iY=,EBYWt0/QdJ0ZPyUxZkXLF7jQYMk=
-12,-11,dBdaCtaXWBWpOng0uNL5mS1M9iY=,W/J5zvpowhAu9PQ2czABdD1wndI=
-13,-9,dBdaCtaXWBWpOng0uNL5mS1M9iY=,N6Ga0sGYnB3I7ixLPrmC87ilX04=
-13,-10,dBdaCtaXWBWpOng0uNL5mS1M9iY=,N6Ga0sGYnB3I7ixLPrmC87ilX04=
-12,-10,dBdaCtaXWBWpOng0uNL5mS1M9iY=,NmZolbh7cIojGqCdcXzgJsNat60=
-12,-8,dBdaCtaXWBWpOng0uNL5mS1M9iY=,D7EkAxRmQU8p0+j70zvsRpka86E=
-12,-9,dBdaCtaXWBWpOng0uNL5mS1M9iY=,NmZolbh7cIojGqCdcXzgJsNat60=
-14,-14,dBdaCtaXWBWpOng0uNL5mS1M9iY=,NmZolbh7cIojGqCdcXzgJsNat60=
-15,-14,dBdaCtaXWBWpOng0uNL5mS1M9iY=,EBYWt0/QdJ0ZPyUxZkXLF7jQYMk=
-16,-16,dBdaCtaXWBWpOng0uNL5mS1M9iY=,N6Ga0sGYnB3I7ixLPrmC87ilX04=
-15,-15,dBdaCtaXWBWpOng0uNL5mS1M9iY=,N6Ga0sGYnB3I7ixLPrmC87ilX04=
-14,-15,dBdaCtaXWBWpOng0uNL5mS1M9iY=,S1Splknp2Ff77yBgvCE7XrxhoYM=
-14,-16,dBdaCtaXWBWpOng0uNL5mS1M9iY=,S1Splknp2Ff77yBgvCE7XrxhoYM=
-15,-16,dBdaCtaXWBWpOng0uNL5mS1M9iY=,N6Ga0sGYnB3I7ixLPrmC87ilX04=
-16,-15,dBdaCtaXWBWpOng0uNL5mS1M9iY=,N6Ga0sGYnB3I7ixLPrmC87ilX04=
-16,-14,dBdaCtaXWBWpOng0uNL5mS1M9iY=,EBYWt0/QdJ0ZPyUxZkXLF7jQYMk=
-14,-13,dBdaCtaXWBWpOng0uNL5mS1M9iY=,NmZolbh7cIojGqCdcXzgJsNat60=
-14,-11,dBdaCtaXWBWpOng0uNL5mS1M9iY=,EBYWt0/QdJ0ZPyUxZkXLF7jQYMk=
-15,-12,dBdaCtaXWBWpOng0uNL5mS1M9iY=,N6Ga0sGYnB3I7ixLPrmC87ilX04=
-14,-12,dBdaCtaXWBWpOng0uNL5mS1M9iY=,EBYWt0/QdJ0ZPyUxZkXLF7jQYMk=
-15,-8,dBdaCtaXWBWpOng0uNL5mS1M9iY=,guVj7vqMdCQhy3PGkON1I3N5+H8=
-16,-8,dBdaCtaXWBWpOng0uNL5mS1M9iY=,guVj7vqMdCQhy3PGkON1I3N5+H8=
-14,-8,dBdaCtaXWBWpOng0uNL5mS1M9iY=,e5A8CLmi2OKu/NsaZc3+il+4WRI=
-14,-3,dBdaCtaXWBWpOng0uNL5mS1M9iY=,e5A8CLmi2OKu/NsaZc3+il+4WRI=
-10,-1,dBdaCtaXWBWpOng0uNL5mS1M9iY=,t+ncGAABxwJme5xuhaTBRXATtb4=
-16,-7,dBdaCtaXWBWpOng0uNL5mS1M9iY=,guVj7vqMdCQhy3PGkON1I3N5+H8=
-16,-12,dBdaCtaXWBWpOng0uNL5mS1M9iY=,N6Ga0sGYnB3I7ixLPrmC87ilX04=
-14,-10,dBdaCtaXWBWpOng0uNL5mS1M9iY=,N6Ga0sGYnB3I7ixLPrmC87ilX04=
-14,-9,dBdaCtaXWBWpOng0uNL5mS1M9iY=,N6Ga0sGYnB3I7ixLPrmC87ilX04=
-16,-11,dBdaCtaXWBWpOng0uNL5mS1M9iY=,N6Ga0sGYnB3I7ixLPrmC87ilX04=
-15,-11,dBdaCtaXWBWpOng0uNL5mS1M9iY=,N6Ga0sGYnB3I7ixLPrmC87ilX04=
-15,-10,dBdaCtaXWBWpOng0uNL5mS1M9iY=,pej+sz1hSv8uwRsLHMuEKUiHxQk=
-16,-10,dBdaCtaXWBWpOng0uNL5mS1M9iY=,pej+sz1hSv8uwRsLHMuEKUiHxQk=
-16,-13,dBdaCtaXWBWpOng0uNL5mS1M9iY=,EBYWt0/QdJ0ZPyUxZkXLF7jQYMk=
-15,-9,dBdaCtaXWBWpOng0uNL5mS1M9iY=,pej+sz1hSv8uwRsLHMuEKUiHxQk=
-13,-3,dBdaCtaXWBWpOng0uNL5mS1M9iY=,e5A8CLmi2OKu/NsaZc3+il+4WRI=
-10,-2,dBdaCtaXWBWpOng0uNL5mS1M9iY=,t+ncGAABxwJme5xuhaTBRXATtb4=
-10,-4,dBdaCtaXWBWpOng0uNL5mS1M9iY=,NmZolbh7cIojGqCdcXzgJsNat60=
-15,-13,dBdaCtaXWBWpOng0uNL5mS1M9iY=,EBYWt0/QdJ0ZPyUxZkXLF7jQYMk=
-10,-3,dBdaCtaXWBWpOng0uNL5mS1M9iY=,NmZolbh7cIojGqCdcXzgJsNat60=
-16,-9,dBdaCtaXWBWpOng0uNL5mS1M9iY=,pej+sz1hSv8uwRsLHMuEKUiHxQk=
-15,-7,dBdaCtaXWBWpOng0uNL5mS1M9iY=,guVj7vqMdCQhy3PGkON1I3N5+H8=
-10,-5,dBdaCtaXWBWpOng0uNL5mS1M9iY=,ySjyZbTwTUzPIhW7B460fhFmqqc=
-14,-4,dBdaCtaXWBWpOng0uNL5mS1M9iY=,e5A8CLmi2OKu/NsaZc3+il+4WRI=
-13,-4,dBdaCtaXWBWpOng0uNL5mS1M9iY=,e5A8CLmi2OKu/NsaZc3+il+4WRI=
-12,-3,dBdaCtaXWBWpOng0uNL5mS1M9iY=,D7EkAxRmQU8p0+j70zvsRpka86E=
-11,-5,dBdaCtaXWBWpOng0uNL5mS1M9iY=,D7EkAxRmQU8p0+j70zvsRpka86E=
-11,-3,dBdaCtaXWBWpOng0uNL5mS1M9iY=,D7EkAxRmQU8p0+j70zvsRpka86E=
-14,-7,dBdaCtaXWBWpOng0uNL5mS1M9iY=,e5A8CLmi2OKu/NsaZc3+il+4WRI=
-14,-5,dBdaCtaXWBWpOng0uNL5mS1M9iY=,S1Splknp2Ff77yBgvCE7XrxhoYM=
-11,-4,dBdaCtaXWBWpOng0uNL5mS1M9iY=,D7EkAxRmQU8p0+j70zvsRpka86E=
-13,-5,dBdaCtaXWBWpOng0uNL5mS1M9iY=,S1Splknp2Ff77yBgvCE7XrxhoYM=
-12,-5,dBdaCtaXWBWpOng0uNL5mS1M9iY=,D7EkAxRmQU8p0+j70zvsRpka86E=
-13,-7,dBdaCtaXWBWpOng0uNL5mS1M9iY=,e5A8CLmi2OKu/NsaZc3+il+4WRI=
-12,-4,dBdaCtaXWBWpOng0uNL5mS1M9iY=,D7EkAxRmQU8p0+j70zvsRpka86E=
-12,-6,dBdaCtaXWBWpOng0uNL5mS1M9iY=,D7EkAxRmQU8p0+j70zvsRpka86E=
-12,-7,dBdaCtaXWBWpOng0uNL5mS1M9iY=,D7EkAxRmQU8p0+j70zvsRpka86E=
-14,-6,dBdaCtaXWBWpOng0uNL5mS1M9iY=,S1Splknp2Ff77yBgvCE7XrxhoYM=
-13,-6,dBdaCtaXWBWpOng0uNL5mS1M9iY=,S1Splknp2Ff77yBgvCE7XrxhoYM=
-3,-17,dBdaCtaXWBWpOng0uNL5mS1M9iY=,NmZolbh7cIojGqCdcXzgJsNat60=
-1,-18,dBdaCtaXWBWpOng0uNL5mS1M9iY=,e5A8CLmi2OKu/NsaZc3+il+4WRI=
-1,-17,dBdaCtaXWBWpOng0uNL5mS1M9iY=,e5A8CLmi2OKu/NsaZc3+il+4WRI=
-2,-17,dBdaCtaXWBWpOng0uNL5mS1M9iY=,e5A8CLmi2OKu/NsaZc3+il+4WRI=
-3,-18,dBdaCtaXWBWpOng0uNL5mS1M9iY=,NmZolbh7cIojGqCdcXzgJsNat60=
-2,-18,dBdaCtaXWBWpOng0uNL5mS1M9iY=,e5A8CLmi2OKu/NsaZc3+il+4WRI=
-4,-17,dBdaCtaXWBWpOng0uNL5mS1M9iY=,NmZolbh7cIojGqCdcXzgJsNat60=
-4,-18,dBdaCtaXWBWpOng0uNL5mS1M9iY=,NmZolbh7cIojGqCdcXzgJsNat60=
-11,-17,dBdaCtaXWBWpOng0uNL5mS1M9iY=,S1Splknp2Ff77yBgvCE7XrxhoYM=
-11,-18,dBdaCtaXWBWpOng0uNL5mS1M9iY=,S1Splknp2Ff77yBgvCE7XrxhoYM=
-16,-18,dBdaCtaXWBWpOng0uNL5mS1M9iY=,Ndk+dGfegi2RwXCyChV7AkHjr8E=
-12,-18,dBdaCtaXWBWpOng0uNL5mS1M9iY=,S1Splknp2Ff77yBgvCE7XrxhoYM=
-15,-18,dBdaCtaXWBWpOng0uNL5mS1M9iY=,Ndk+dGfegi2RwXCyChV7AkHjr8E=
-12,-17,dBdaCtaXWBWpOng0uNL5mS1M9iY=,S1Splknp2Ff77yBgvCE7XrxhoYM=
-14,-18,dBdaCtaXWBWpOng0uNL5mS1M9iY=,e5A8CLmi2OKu/NsaZc3+il+4WRI=
-13,-18,dBdaCtaXWBWpOng0uNL5mS1M9iY=,e5A8CLmi2OKu/NsaZc3+il+4WRI=
-16,-17,dBdaCtaXWBWpOng0uNL5mS1M9iY=,Ndk+dGfegi2RwXCyChV7AkHjr8E=
-13,-17,dBdaCtaXWBWpOng0uNL5mS1M9iY=,e5A8CLmi2OKu/NsaZc3+il+4WRI=
-14,-17,dBdaCtaXWBWpOng0uNL5mS1M9iY=,e5A8CLmi2OKu/NsaZc3+il+4WRI=
-15,-17,dBdaCtaXWBWpOng0uNL5mS1M9iY=,Ndk+dGfegi2RwXCyChV7AkHjr8E=
-18,-18,WH9lTKBk2BXPySOsGwIQao6rPxY=,NmZolbh7cIojGqCdcXzgJsNat60=
-17,-18,WH9lTKBk2BXPySOsGwIQao6rPxY=,NmZolbh7cIojGqCdcXzgJsNat60=
-18,-17,WH9lTKBk2BXPySOsGwIQao6rPxY=,NmZolbh7cIojGqCdcXzgJsNat60=
-17,-17,WH9lTKBk2BXPySOsGwIQao6rPxY=,NmZolbh7cIojGqCdcXzgJsNat60=
-18,-7,WH9lTKBk2BXPySOsGwIQao6rPxY=,t+ncGAABxwJme5xuhaTBRXATtb4=
-17,-12,WH9lTKBk2BXPySOsGwIQao6rPxY=,7s+8thaokinIfFj42EdsN6KUuwI=
-17,-7,WH9lTKBk2BXPySOsGwIQao6rPxY=,t+ncGAABxwJme5xuhaTBRXATtb4=
-18,-16,WH9lTKBk2BXPySOsGwIQao6rPxY=,S1Splknp2Ff77yBgvCE7XrxhoYM=
-18,-14,WH9lTKBk2BXPySOsGwIQao6rPxY=,W/J5zvpowhAu9PQ2czABdD1wndI=
-18,-15,WH9lTKBk2BXPySOsGwIQao6rPxY=,S1Splknp2Ff77yBgvCE7XrxhoYM=
-18,-12,WH9lTKBk2BXPySOsGwIQao6rPxY=,7s+8thaokinIfFj42EdsN6KUuwI=
-18,-13,WH9lTKBk2BXPySOsGwIQao6rPxY=,W/J5zvpowhAu9PQ2czABdD1wndI=
-17,-13,WH9lTKBk2BXPySOsGwIQao6rPxY=,W/J5zvpowhAu9PQ2czABdD1wndI=
-17,-16,WH9lTKBk2BXPySOsGwIQao6rPxY=,S1Splknp2Ff77yBgvCE7XrxhoYM=
-18,-9,WH9lTKBk2BXPySOsGwIQao6rPxY=,N6Ga0sGYnB3I7ixLPrmC87ilX04=
-18,-11,WH9lTKBk2BXPySOsGwIQao6rPxY=,7s+8thaokinIfFj42EdsN6KUuwI=
-18,-8,WH9lTKBk2BXPySOsGwIQao6rPxY=,t+ncGAABxwJme5xuhaTBRXATtb4=
-18,-10,WH9lTKBk2BXPySOsGwIQao6rPxY=,N6Ga0sGYnB3I7ixLPrmC87ilX04=
-17,-8,WH9lTKBk2BXPySOsGwIQao6rPxY=,t+ncGAABxwJme5xuhaTBRXATtb4=
-17,-14,WH9lTKBk2BXPySOsGwIQao6rPxY=,W/J5zvpowhAu9PQ2czABdD1wndI=
-17,-9,WH9lTKBk2BXPySOsGwIQao6rPxY=,N6Ga0sGYnB3I7ixLPrmC87ilX04=
-17,-11,WH9lTKBk2BXPySOsGwIQao6rPxY=,7s+8thaokinIfFj42EdsN6KUuwI=
-17,-10,WH9lTKBk2BXPySOsGwIQao6rPxY=,N6Ga0sGYnB3I7ixLPrmC87ilX04=
-17,-15,WH9lTKBk2BXPySOsGwIQao6rPxY=,S1Splknp2Ff77yBgvCE7XrxhoYM=
