18,-3,dBdaCtaXWBWpOng0uNL5mS1M9iY=,pej+sz1hSv8uwRsLHMuEKUiHxQk=
18,-2,dBdaCtaXWBWpOng0uNL5mS1M9iY=,FpggQWUFNIM+oJuHGn+9OPPhO3w=
17,-3,dBdaCtaXWBWpOng0uNL5mS1M9iY=,7sbauLkcwnpQXbbsWvuspRdeb2k=
17,-2,dBdaCtaXWBWpOng0uNL5mS1M9iY=,D7EkAxRmQU8p0+j70zvsRpka86E=
20,-4,dBdaCtaXWBWpOng0uNL5mS1M9iY=,pej+sz1hSv8uwRsLHMuEKUiHxQk=
20,-2,dBdaCtaXWBWpOng0uNL5mS1M9iY=,NmZolbh7cIojGqCdcXzgJsNat60=
20,-3,dBdaCtaXWBWpOng0uNL5mS1M9iY=,pej+sz1hSv8uwRsLHMuEKUiHxQk=
20,-5,dBdaCtaXWBWpOng0uNL5mS1M9iY=,e5A8CLmi2OKu/NsaZc3+il+4WRI=
19,-4,dBdaCtaXWBWpOng0uNL5mS1M9iY=,pej+sz1hSv8uwRsLHMuEKUiHxQk=
19,-3,dBdaCtaXWBWpOng0uNL5mS1M9iY=,pej+sz1hSv8uwRsLHMuEKUiHxQk=
19,-2,dBdaCtaXWBWpOng0uNL5mS1M9iY=,FpggQWUFNIM+oJuHGn+9OPPhO3w=
19,-5,dBdaCtaXWBWpOng0uNL5mS1M9iY=,7sbauLkcwnpQXbbsWvuspRdeb2k=
22,-5,dBdaCtaXWBWpOng0uNL5mS1M9iY=,N6Ga0sGYnB3I7ixLPrmC87ilX04=
21,-4,dBdaCtaXWBWpOng0uNL5mS1M9iY=,pej+sz1hSv8uwRsLHMuEKUiHxQk=
21,-5,dBdaCtaXWBWpOng0uNL5mS1M9iY=,e5A8CLmi2OKu/NsaZc3+il+4WRI=
22,-4,dBdaCtaXWBWpOng0uNL5mS1M9iY=,D7EkAxRmQU8p0+j70zvsRpka86E=
20,-1,dBdaCtaXWBWpOng0uNL5mS1M9iY=,NmZolbh7cIojGqCdcXzgJsNat60=
19,-1,dBdaCtaXWBWpOng0uNL5mS1M9iY=,FpggQWUFNIM+oJuHGn+9OPPhO3w=
17,-4,dBdaCtaXWBWpOng0uNL5mS1M9iY=,7sbauLkcwnpQXbbsWvuspRdeb2k=
21,-1,dBdaCtaXWBWpOng0uNL5mS1M9iY=,NmZolbh7cIojGqCdcXzgJsNat60=
16,-4,dBdaCtaXWBWpOng0uNL5mS1M9iY=,7sbauLkcwnpQXbbsWvuspRdeb2k=
17,-5,dBdaCtaXWBWpOng0uNL5mS1M9iY=,7s+8thaokinIfFj42EdsN6KUuwI=
16,-3,dBdaCtaXWBWpOng0uNL5mS1M9iY=,7sbauLkcwnpQXbbsWvuspRdeb2k=
18,-5,dBdaCtaXWBWpOng0uNL5mS1M9iY=,7sbauLkcwnpQXbbsWvuspRdeb2k=
18,-1,dBdaCtaXWBWpOng0uNL5mS1M9iY=,FpggQWUFNIM+oJuHGn+9OPPhO3w=
21,-2,dBdaCtaXWBWpOng0uNL5mS1M9iY=,NmZolbh7cIojGqCdcXzgJsNat60=
18,-4,dBdaCtaXWBWpOng0uNL5mS1M9iY=,pej+sz1hSv8uwRsLHMuEKUiHxQk=
16,-5,dBdaCtaXWBWpOng0uNL5mS1M9iY=,7s+8thaokinIfFj42EdsN6KUuwI=
22,-1,dBdaCtaXWBWpOng0uNL5mS1M9iY=,NmZolbh7cIojGqCdcXzgJsNat60=
22,-2,dBdaCtaXWBWpOng0uNL5mS1M9iY=,NmZolbh7cIojGqCdcXzgJsNat60=
18,-6,dBdaCtaXWBWpOng0uNL5mS1M9iY=,7sbauLkcwnpQXbbsWvuspRdeb2k=
17,-6,dBdaCtaXWBWpOng0uNL5mS1M9iY=,7s+8thaokinIfFj42EdsN6KUuwI=
17,-7,dBdaCtaXWBWpOng0uNL5mS1M9iY=,t+ncGAABxwJme5xuhaTBRXATtb4=
16,-1,dBdaCtaXWBWpOng0uNL5mS1M9iY=,D7EkAxRmQU8p0+j70zvsRpka86E=
16,-2,dBdaCtaXWBWpOng0uNL5mS1M9iY=,D7EkAxRmQU8p0+j70zvsRpka86E=
22,-3,dBdaCtaXWBWpOng0uNL5mS1M9iY=,D7EkAxRmQU8p0+j70zvsRpka86E=
21,-3,dBdaCtaXWBWpOng0uNL5mS1M9iY=,pej+sz1hSv8uwRsLHMuEKUiHxQk=
17,-1,dBdaCtaXWBWpOng0uNL5mS1M9iY=,D7EkAxRmQU8p0+j70zvsRpka86E=
23,-1,dBdaCtaXWBWpOng0uNL5mS1M9iY=,NmZolbh7cIojGqCdcXzgJsNat60=
23,-2,dBdaCtaXWBWpOng0uNL5mS1M9iY=,NmZolbh7cIojGqCdcXzgJsNat60=
18,-9,WH9lTKBk2BXPySOsGwIQao6rPxY=,N6Ga0sGYnB3I7ixLPrmC87ilX04=
24,-1,WH9lTKBk2BXPySOsGwIQao6rPxY=,D7EkAxRmQU8p0+j70zvsRpka86E=
26,-2,WH9lTKBk2BXPySOsGwIQao6rPxY=,7sbauLkcwnpQXbbsWvuspRdeb2k=
26,-1,WH9lTKBk2BXPySOsGwIQao6rPxY=,7sbauLkcwnpQXbbsWvuspRdeb2k=
17,-9,WH9lTKBk2BXPySOsGwIQao6rPxY=,Ndk+dGfegi2RwXCyChV7AkHjr8E=
17,-8,WH9lTKBk2BXPySOsGwIQao6rPxY=,t+ncGAABxwJme5xuhaTBRXATtb4=
24,-2,WH9lTKBk2BXPySOsGwIQao6rPxY=,D7EkAxRmQU8p0+j70zvsRpka86E=
25,-1,WH9lTKBk2BXPySOsGwIQao6rPxY=,D7EkAxRmQU8p0+j70zvsRpka86E=
24,-3,WH9lTKBk2BXPySOsGwIQao6rPxY=,pej+sz1hSv8uwRsLHMuEKUiHxQk=
25,-3,WH9lTKBk2BXPySOsGwIQao6rPxY=,pej+sz1hSv8uwRsLHMuEKUiHxQk=
23,-3,WH9lTKBk2BXPySOsGwIQao6rPxY=,D7EkAxRmQU8p0+j70zvsRpka86E=
25,-2,WH9lTKBk2BXPySOsGwIQao6rPxY=,D7EkAxRmQU8p0+j70zvsRpka86E=
18,-10,WH9lTKBk2BXPySOsGwIQao6rPxY=,N6Ga0sGYnB3I7ixLPrmC87ilX04=
18,-11,WH9lTKBk2BXPySOsGwIQao6rPxY=,guVj7vqMdCQhy3PGkON1I3N5+H8=
17,-10,WH9lTKBk2BXPySOsGwIQao6rPxY=,Ndk+dGfegi2RwXCyChV7AkHjr8E=
17,-11,WH9lTKBk2BXPySOsGwIQao6rPxY=,gpEbYm/3qxD5WeKZVfk1U0rJ+s8=
18,-12,WH9lTKBk2BXPySOsGwIQao6rPxY=,guVj7vqMdCQhy3PGkON1I3N5+H8=
18,-13,WH9lTKBk2BXPySOsGwIQao6rPxY=,ySjyZbTwTUzPIhW7B460fhFmqqc=
17,-13,WH9lTKBk2BXPySOsGwIQao6rPxY=,W/J5zvpowhAu9PQ2czABdD1wndI=
17,-12,WH9lTKBk2BXPySOsGwIQao6rPxY=,gpEbYm/3qxD5WeKZVfk1U0rJ+s8=
18,-14,WH9lTKBk2BXPySOsGwIQao6rPxY=,ySjyZbTwTUzPIhW7B460fhFmqqc=
18,-15,WH9lTKBk2BXPySOsGwIQao6rPxY=,gpEbYm/3qxD5WeKZVfk1U0rJ+s8=
21,-14,WH9lTKBk2BXPySOsGwIQao6rPxY=,NmZolbh7cIojGqCdcXzgJsNat60=
21,-15,WH9lTKBk2BXPySOsGwIQao6rPxY=,NmZolbh7cIojGqCdcXzgJsNat60=
19,-10,WH9lTKBk2BXPySOsGwIQao6rPxY=,N6Ga0sGYnB3I7ixLPrmC87ilX04=
20,-15,WH9lTKBk2BXPySOsGwIQao6rPxY=,NmZolbh7cIojGqCdcXzgJsNat60=
21,-13,WH9lTKBk2BXPySOsGwIQao6rPxY=,NmZolbh7cIojGqCdcXzgJsNat60=
17,-14,WH9lTKBk2BXPySOsGwIQao6rPxY=,W/J5zvpowhAu9PQ2czABdD1wndI=
19,-11,WH9lTKBk2BXPySOsGwIQao6rPxY=,guVj7vqMdCQhy3PGkON1I3N5+H8=
21,-12,WH9lTKBk2BXPySOsGwIQao6rPxY=,t+ncGAABxwJme5xuhaTBRXATtb4=
20,-14,WH9lTKBk2BXPySOsGwIQao6rPxY=,NmZolbh7cIojGqCdcXzgJsNat60=
20,-11,WH9lTKBk2BXPySOsGwIQao6rPxY=,t+ncGAABxwJme5xuhaTBRXATtb4=
20,-12,WH9lTKBk2BXPySOsGwIQao6rPxY=,t+ncGAABxwJme5xuhaTBRXATtb4=
16,-7,WH9lTKBk2BXPySOsGwIQao6rPxY=,t+ncGAABxwJme5xuhaTBRXATtb4=
16,-6,WH9lTKBk2BXPySOsGwIQao6rPxY=,7s+8thaokinIfFj42EdsN6KUuwI=
19,-6,WH9lTKBk2BXPySOsGwIQao6rPxY=,7sbauLkcwnpQXbbsWvuspRdeb2k=
20,-6,WH9lTKBk2BXPySOsGwIQao6rPxY=,e5A8CLmi2OKu/NsaZc3+il+4WRI=
19,-9,WH9lTKBk2BXPySOsGwIQao6rPxY=,N6Ga0sGYnB3I7ixLPrmC87ilX04=
27,-1,WH9lTKBk2BXPySOsGwIQao6rPxY=,7sbauLkcwnpQXbbsWvuspRdeb2k=
21,-11,WH9lTKBk2BXPySOsGwIQao6rPxY=,t+ncGAABxwJme5xuhaTBRXATtb4=
22,-6,WH9lTKBk2BXPySOsGwIQao6rPxY=,N6Ga0sGYnB3I7ixLPrmC87ilX04=
21,-6,WH9lTKBk2BXPySOsGwIQao6rPxY=,e5A8CLmi2OKu/NsaZc3+il+4WRI=
20,-16,WH9lTKBk2BXPySOsGwIQao6rPxY=,NmZolbh7cIojGqCdcXzgJsNat60=
19,-15,WH9lTKBk2BXPySOsGwIQao6rPxY=,gpEbYm/3qxD5WeKZVfk1U0rJ+s8=
16,-9,WH9lTKBk2BXPySOsGwIQao6rPxY=,Ndk+dGfegi2RwXCyChV7AkHjr8E=
21,-16,WH9lTKBk2BXPySOsGwIQao6rPxY=,NmZolbh7cIojGqCdcXzgJsNat60=
27,-2,WH9lTKBk2BXPySOsGwIQao6rPxY=,7sbauLkcwnpQXbbsWvuspRdeb2k=
16,-8,WH9lTKBk2BXPySOsGwIQao6rPxY=,t+ncGAABxwJme5xuhaTBRXATtb4=
23,-5,WH9lTKBk2BXPySOsGwIQao6rPxY=,N6Ga0sGYnB3I7ixLPrmC87ilX04=
23,-6,WH9lTKBk2BXPySOsGwIQao6rPxY=,N6Ga0sGYnB3I7ixLPrmC87ilX04=
19,-14,WH9lTKBk2BXPySOsGwIQao6rPxY=,ySjyZbTwTUzPIhW7B460fhFmqqc=
20,-13,WH9lTKBk2BXPySOsGwIQao6rPxY=,NmZolbh7cIojGqCdcXzgJsNat60=
25,-4,WH9lTKBk2BXPySOsGwIQao6rPxY=,pej+sz1hSv8uwRsLHMuEKUiHxQk=
24,-5,WH9lTKBk2BXPySOsGwIQao6rPxY=,ySjyZbTwTUzPIhW7B460fhFmqqc=
17,-15,WH9lTKBk2BXPySOsGwIQao6rPxY=,NmZolbh7cIojGqCdcXzgJsNat60=
16,-13,WH9lTKBk2BXPySOsGwIQao6rPxY=,W/J5zvpowhAu9PQ2czABdD1wndI=
24,-4,WH9lTKBk2BXPySOsGwIQao6rPxY=,pej+sz1hSv8uwRsLHMuEKUiHxQk=
19,-12,WH9lTKBk2BXPySOsGwIQao6rPxY=,guVj7vqMdCQhy3PGkON1I3N5+H8=
16,-15,WH9lTKBk2BXPySOsGwIQao6rPxY=,NmZolbh7cIojGqCdcXzgJsNat60=
16,-11,WH9lTKBk2BXPySOsGwIQao6rPxY=,gpEbYm/3qxD5WeKZVfk1U0rJ+s8=
19,-13,WH9lTKBk2BXPySOsGwIQao6rPxY=,ySjyZbTwTUzPIhW7B460fhFmqqc=
18,-16,WH9lTKBk2BXPySOsGwIQao6rPxY=,gpEbYm/3qxD5WeKZVfk1U0rJ+s8=
16,-10,WH9lTKBk2BXPySOsGwIQao6rPxY=,Ndk+dGfegi2RwXCyChV7AkHjr8E=
17,-16,WH9lTKBk2BXPySOsGwIQao6rPxY=,NmZolbh7cIojGqCdcXzgJsNat60=
23,-4,WH9lTKBk2BXPySOsGwIQao6rPxY=,D7EkAxRmQU8p0+j70zvsRpka86E=
25,-6,WH9lTKBk2BXPySOsGwIQao6rPxY=,ySjyZbTwTUzPIhW7B460fhFmqqc=
19,-16,WH9lTKBk2BXPySOsGwIQao6rPxY=,gpEbYm/3qxD5WeKZVfk1U0rJ+s8=
24,-6,WH9lTKBk2BXPySOsGwIQao6rPxY=,ySjyZbTwTUzPIhW7B460fhFmqqc=
16,-12,WH9lTKBk2BXPySOsGwIQao6rPxY=,gpEbYm/3qxD5WeKZVfk1U0rJ+s8=
16,-14,WH9lTKBk2BXPySOsGwIQao6rPxY=,W/J5zvpowhAu9PQ2czABdD1wndI=
16,-16,WH9lTKBk2BXPySOsGwIQao6rPxY=,NmZolbh7cIojGqCdcXzgJsNat60=
25,-5,WH9lTKBk2BXPySOsGwIQao6rPxY=,ySjyZbTwTUzPIhW7B460fhFmqqc=
18,-21,WH9lTKBk2BXPySOsGwIQao6rPxY=,0oA69hFU5Jd7sAU2PYOniLtasT8=
17,-20,WH9lTKBk2BXPySOsGwIQao6rPxY=,D7EkAxRmQU8p0+j70zvsRpka86E=
18,-20,WH9lTKBk2BXPySOsGwIQao6rPxY=,7sbauLkcwnpQXbbsWvuspRdeb2k=
19,-21,WH9lTKBk2BXPySOsGwIQao6rPxY=,0oA69hFU5Jd7sAU2PYOniLtasT8=
20,-21,WH9lTKBk2BXPySOsGwIQao6rPxY=,e5A8CLmi2OKu/NsaZc3+il+4WRI=
17,-18,WH9lTKBk2BXPySOsGwIQao6rPxY=,t+ncGAABxwJme5xuhaTBRXATtb4=
20,-20,WH9lTKBk2BXPySOsGwIQao6rPxY=,N6Ga0sGYnB3I7ixLPrmC87ilX04=
19,-20,WH9lTKBk2BXPySOsGwIQao6rPxY=,7sbauLkcwnpQXbbsWvuspRdeb2k=
17,-19,WH9lTKBk2BXPySOsGwIQao6rPxY=,D7EkAxRmQU8p0+j70zvsRpka86E=
16,-20,WH9lTKBk2BXPySOsGwIQao6rPxY=,D7EkAxRmQU8p0+j70zvsRpka86E=
16,-18,WH9lTKBk2BXPySOsGwIQao6rPxY=,t+ncGAABxwJme5xuhaTBRXATtb4=
16,-19,WH9lTKBk2BXPySOsGwIQao6rPxY=,D7EkAxRmQU8p0+j70zvsRpka86E=
19,-22,WH9lTKBk2BXPySOsGwIQao6rPxY=,0oA69hFU5Jd7sAU2PYOniLtasT8=
20,-22,WH9lTKBk2BXPySOsGwIQao6rPxY=,e5A8CLmi2OKu/NsaZc3+il+4WRI=
21,-21,WH9lTKBk2BXPySOsGwIQao6rPxY=,e5A8CLmi2OKu/NsaZc3+il+4WRI=
18,-18,WH9lTKBk2BXPySOsGwIQao6rPxY=,7s+8thaokinIfFj42EdsN6KUuwI=
18,-22,WH9lTKBk2BXPySOsGwIQao6rPxY=,0oA69hFU5Jd7sAU2PYOniLtasT8=
21,-22,WH9lTKBk2BXPySOsGwIQao6rPxY=,e5A8CLmi2OKu/NsaZc3+il+4WRI=
21,-20,WH9lTKBk2BXPySOsGwIQao6rPxY=,N6Ga0sGYnB3I7ixLPrmC87ilX04=
18,-19,WH9lTKBk2BXPySOsGwIQao6rPxY=,7sbauLkcwnpQXbbsWvuspRdeb2k=
16,-17,WH9lTKBk2BXPySOsGwIQao6rPxY=,t+ncGAABxwJme5xuhaTBRXATtb4=
17,-17,WH9lTKBk2BXPySOsGwIQao6rPxY=,t+ncGAABxwJme5xuhaTBRXATtb4=
18,-17,WH9lTKBk2BXPySOsGwIQao6rPxY=,7s+8thaokinIfFj42EdsN6KUuwI=
21,-17,WH9lTKBk2BXPySOsGwIQao6rPxY=,guVj7vqMdCQhy3PGkON1I3N5+H8=
21,-18,WH9lTKBk2BXPySOsGwIQao6rPxY=,guVj7vqMdCQhy3PGkON1I3N5+H8=
20,-17,WH9lTKBk2BXPySOsGwIQao6rPxY=,guVj7vqMdCQhy3PGkON1I3N5+H8=
19,-17,WH9lTKBk2BXPySOsGwIQao6rPxY=,7s+8thaokinIfFj42EdsN6KUuwI=
19,-18,WH9lTKBk2BXPySOsGwIQao6rPxY=,7s+8thaokinIfFj42EdsN6KUuwI=
21,-19,WH9lTKBk2BXPySOsGwIQao6rPxY=,N6Ga0sGYnB3I7ixLPrmC87ilX04=
20,-19,WH9lTKBk2BXPySOsGwIQao6rPxY=,N6Ga0sGYnB3I7ixLPrmC87ilX04=
19,-19,WH9lTKBk2BXPySOsGwIQao6rPxY=,7sbauLkcwnpQXbbsWvuspRdeb2k=
20,-18,WH9lTKBk2BXPySOsGwIQao6rPxY=,guVj7vqMdCQhy3PGkON1I3N5+H8=
9,-19,Zv8yLiEoE7Rm00oEI17LYQ8Ri9g=,e5A8CLmi2OKu/NsaZc3+il+4WRI=
10,-18,Zv8yLiEoE7Rm00oEI17LYQ8Ri9g=,gpEbYm/3qxD5WeKZVfk1U0rJ+s8=
9,-18,Zv8yLiEoE7Rm00oEI17LYQ8Ri9g=,e5A8CLmi2OKu/NsaZc3+il+4WRI=
10,-19,Zv8yLiEoE7Rm00oEI17LYQ8Ri9g=,7sbauLkcwnpQXbbsWvuspRdeb2k=
10,-17,Zv8yLiEoE7Rm00oEI17LYQ8Ri9g=,gpEbYm/3qxD5WeKZVfk1U0rJ+s8=
11,-21,Zv8yLiEoE7Rm00oEI17LYQ8Ri9g=,S1Splknp2Ff77yBgvCE7XrxhoYM=
9,-17,Zv8yLiEoE7Rm00oEI17LYQ8Ri9g=,e5A8CLmi2OKu/NsaZc3+il+4WRI=
12,-20,Zv8yLiEoE7Rm00oEI17LYQ8Ri9g=,W/J5zvpowhAu9PQ2czABdD1wndI=
13,-20,Zv8yLiEoE7Rm00oEI17LYQ8Ri9g=,W/J5zvpowhAu9PQ2czABdD1wndI=
12,-21,Zv8yLiEoE7Rm00oEI17LYQ8Ri9g=,FpggQWUFNIM+oJuHGn+9OPPhO3w=
13,-21,Zv8yLiEoE7Rm00oEI17LYQ8Ri9g=,FpggQWUFNIM+oJuHGn+9OPPhO3w=
14,-20,Zv8yLiEoE7Rm00oEI17LYQ8Ri9g=,N6Ga0sGYnB3I7ixLPrmC87ilX04=
11,-20,Zv8yLiEoE7Rm00oEI17LYQ8Ri9g=,7sbauLkcwnpQXbbsWvuspRdeb2k=
9,-21,Zv8yLiEoE7Rm00oEI17LYQ8Ri9g=,ySjyZbTwTUzPIhW7B460fhFmqqc=
12,-19,Zv8yLiEoE7Rm00oEI17LYQ8Ri9g=,W/J5zvpowhAu9PQ2czABdD1wndI=
10,-21,Zv8yLiEoE7Rm00oEI17LYQ8Ri9g=,S1Splknp2Ff77yBgvCE7XrxhoYM=
8,-21,Zv8yLiEoE7Rm00oEI17LYQ8Ri9g=,ySjyZbTwTUzPIhW7B460fhFmqqc=
7,-20,Zv8yLiEoE7Rm00oEI17LYQ8Ri9g=,ySjyZbTwTUzPIhW7B460fhFmqqc=
6,-18,Zv8yLiEoE7Rm00oEI17LYQ8Ri9g=,7s+8thaokinIfFj42EdsN6KUuwI=
6,-17,Zv8yLiEoE7Rm00oEI17LYQ8Ri9g=,7s+8thaokinIfFj42EdsN6KUuwI=
7,-19,Zv8yLiEoE7Rm00oEI17LYQ8Ri9g=,ySjyZbTwTUzPIhW7B460fhFmqqc=
6,-19,Zv8yLiEoE7Rm00oEI17LYQ8Ri9g=,ySjyZbTwTUzPIhW7B460fhFmqqc=
11,-18,Zv8yLiEoE7Rm00oEI17LYQ8Ri9g=,gpEbYm/3qxD5WeKZVfk1U0rJ+s8=
10,-22,Zv8yLiEoE7Rm00oEI17LYQ8Ri9g=,S1Splknp2Ff77yBgvCE7XrxhoYM=
6,-20,Zv8yLiEoE7Rm00oEI17LYQ8Ri9g=,ySjyZbTwTUzPIhW7B460fhFmqqc=
9,-22,Zv8yLiEoE7Rm00oEI17LYQ8Ri9g=,ySjyZbTwTUzPIhW7B460fhFmqqc=
7,-18,Zv8yLiEoE7Rm00oEI17LYQ8Ri9g=,7s+8thaokinIfFj42EdsN6KUuwI=
0,-18,Zv8yLiEoE7Rm00oEI17LYQ8Ri9g=,N6Ga0sGYnB3I7ixLPrmC87ilX04=
12,-22,Zv8yLiEoE7Rm00oEI17LYQ8Ri9g=,FpggQWUFNIM+oJuHGn+9OPPhO3w=
11,-22,Zv8yLiEoE7Rm00oEI17LYQ8Ri9g=,S1Splknp2Ff77yBgvCE7XrxhoYM=
1,-18,Zv8yLiEoE7Rm00oEI17LYQ8Ri9g=,N6Ga0sGYnB3I7ixLPrmC87ilX04=
8,-22,Zv8yLiEoE7Rm00oEI17LYQ8Ri9g=,ySjyZbTwTUzPIhW7B460fhFmqqc=
13,-22,Zv8yLiEoE7Rm00oEI17LYQ8Ri9g=,FpggQWUFNIM+oJuHGn+9OPPhO3w=
15,-20,Zv8yLiEoE7Rm00oEI17LYQ8Ri9g=,N6Ga0sGYnB3I7ixLPrmC87ilX04=
8,-20,Zv8yLiEoE7Rm00oEI17LYQ8Ri9g=,e5A8CLmi2OKu/NsaZc3+il+4WRI=
3,-18,Zv8yLiEoE7Rm00oEI17LYQ8Ri9g=,t+ncGAABxwJme5xuhaTBRXATtb4=
3,-17,Zv8yLiEoE7Rm00oEI17LYQ8Ri9g=,t+ncGAABxwJme5xuhaTBRXATtb4=
2,-18,Zv8yLiEoE7Rm00oEI17LYQ8Ri9g=,t+ncGAABxwJme5xuhaTBRXATtb4=
15,-19,Zv8yLiEoE7Rm00oEI17LYQ8Ri9g=,N6Ga0sGYnB3I7ixLPrmC87ilX04=
0,-17,Zv8yLiEoE7Rm00oEI17LYQ8Ri9g=,N6Ga0sGYnB3I7ixLPrmC87ilX04=
1,-17,Zv8yLiEoE7Rm00oEI17LYQ8Ri9g=,N6Ga0sGYnB3I7ixLPrmC87ilX04=
2,-17,Zv8yLiEoE7Rm00oEI17LYQ8Ri9g=,t+ncGAABxwJme5xuhaTBRXATtb4=
14,-19,Zv8yLiEoE7Rm00oEI17LYQ8Ri9g=,N6Ga0sGYnB3I7ixLPrmC87ilX04=
9,-20,Zv8yLiEoE7Rm00oEI17LYQ8Ri9g=,e5A8CLmi2OKu/NsaZc3+il+4WRI=
8,-19,Zv8yLiEoE7Rm00oEI17LYQ8Ri9g=,e5A8CLmi2OKu/NsaZc3+il+4WRI=
11,-19,Zv8yLiEoE7Rm00oEI17LYQ8Ri9g=,7sbauLkcwnpQXbbsWvuspRdeb2k=
7,-17,Zv8yLiEoE7Rm00oEI17LYQ8Ri9g=,7s+8thaokinIfFj42EdsN6KUuwI=
8,-18,Zv8yLiEoE7Rm00oEI17LYQ8Ri9g=,e5A8CLmi2OKu/NsaZc3+il+4WRI=
10,-20,Zv8yLiEoE7Rm00oEI17LYQ8Ri9g=,7sbauLkcwnpQXbbsWvuspRdeb2k=
14,-18,Zv8yLiEoE7Rm00oEI17LYQ8Ri9g=,t+ncGAABxwJme5xuhaTBRXATtb4=
15,-17,Zv8yLiEoE7Rm00oEI17LYQ8Ri9g=,t+ncGAABxwJme5xuhaTBRXATtb4=
8,-17,Zv8yLiEoE7Rm00oEI17LYQ8Ri9g=,e5A8CLmi2OKu/NsaZc3+il+4WRI=
12,-17,Zv8yLiEoE7Rm00oEI17LYQ8Ri9g=,S1Splknp2Ff77yBgvCE7XrxhoYM=
11,-17,Zv8yLiEoE7Rm00oEI17LYQ8Ri9g=,gpEbYm/3qxD5WeKZVfk1U0rJ+s8=
13,-19,Zv8yLiEoE7Rm00oEI17LYQ8Ri9g=,W/J5zvpowhAu9PQ2czABdD1wndI=
15,-18,Zv8yLiEoE7Rm00oEI17LYQ8Ri9g=,t+ncGAABxwJme5xuhaTBRXATtb4=
13,-17,Zv8yLiEoE7Rm00oEI17LYQ8Ri9g=,S1Splknp2Ff77yBgvCE7XrxhoYM=
13,-18,Zv8yLiEoE7Rm00oEI17LYQ8Ri9g=,S1Splknp2Ff77yBgvCE7XrxhoYM=
14,-17,Zv8yLiEoE7Rm00oEI17LYQ8Ri9g=,t+ncGAABxwJme5xuhaTBRXATtb4=
12,-18,Zv8yLiEoE7Rm00oEI17LYQ8Ri9g=,S1Splknp2Ff77yBgvCE7XrxhoYM=
1,-12,Zv8yLiEoE7Rm00oEI17LYQ8Ri9g=,guVj7vqMdCQhy3PGkON1I3N5+H8=
2,-13,Zv8yLiEoE7Rm00oEI17LYQ8Ri9g=,S1Splknp2Ff77yBgvCE7XrxhoYM=
2,-12,Zv8yLiEoE7Rm00oEI17LYQ8Ri9g=,Ndk+dGfegi2RwXCyChV7AkHjr8E=
1,-13,Zv8yLiEoE7Rm00oEI17LYQ8Ri9g=,7sbauLkcwnpQXbbsWvuspRdeb2k=
1,-10,Zv8yLiEoE7Rm00oEI17LYQ8Ri9g=,pej+sz1hSv8uwRsLHMuEKUiHxQk=
1,-11,Zv8yLiEoE7Rm00oEI17LYQ8Ri9g=,guVj7vqMdCQhy3PGkON1I3N5+H8=
2,-10,Zv8yLiEoE7Rm00oEI17LYQ8Ri9g=,ySjyZbTwTUzPIhW7B460fhFmqqc=
2,-11,Zv8yLiEoE7Rm00oEI17LYQ8Ri9g=,Ndk+dGfegi2RwXCyChV7AkHjr8E=
1,-8,Zv8yLiEoE7Rm00oEI17LYQ8Ri9g=,t+ncGAABxwJme5xuhaTBRXATtb4=
1,-9,Zv8yLiEoE7Rm00oEI17LYQ8Ri9g=,pej+sz1hSv8uwRsLHMuEKUiHxQk=
2,-8,Zv8yLiEoE7Rm00oEI17LYQ8Ri9g=,t+ncGAABxwJme5xuhaTBRXATtb4=
2,-9,Zv8yLiEoE7Rm00oEI17LYQ8Ri9g=,ySjyZbTwTUzPIhW7B460fhFmqqc=
3,-7,Zv8yLiEoE7Rm00oEI17LYQ8Ri9g=,t+ncGAABxwJme5xuhaTBRXATtb4=
4,-6,Zv8yLiEoE7Rm00oEI17LYQ8Ri9g=,NmZolbh7cIojGqCdcXzgJsNat60=
4,-7,Zv8yLiEoE7Rm00oEI17LYQ8Ri9g=,7s+8thaokinIfFj42EdsN6KUuwI=
3,-6,Zv8yLiEoE7Rm00oEI17LYQ8Ri9g=,EBYWt0/QdJ0ZPyUxZkXLF7jQYMk=
1,-6,Zv8yLiEoE7Rm00oEI17LYQ8Ri9g=,D7EkAxRmQU8p0+j70zvsRpka86E=
1,-7,Zv8yLiEoE7Rm00oEI17LYQ8Ri9g=,t+ncGAABxwJme5xuhaTBRXATtb4=
2,-6,Zv8yLiEoE7Rm00oEI17LYQ8Ri9g=,EBYWt0/QdJ0ZPyUxZkXLF7jQYMk=
2,-7,Zv8yLiEoE7Rm00oEI17LYQ8Ri9g=,t+ncGAABxwJme5xuhaTBRXATtb4=
3,-8,Zv8yLiEoE7Rm00oEI17LYQ8Ri9g=,t+ncGAABxwJme5xuhaTBRXATtb4=
4,-8,Zv8yLiEoE7Rm00oEI17LYQ8Ri9g=,7s+8thaokinIfFj42EdsN6KUuwI=
3,-9,Zv8yLiEoE7Rm00oEI17LYQ8Ri9g=,ySjyZbTwTUzPIhW7B460fhFmqqc=
4,-9,Zv8yLiEoE7Rm00oEI17LYQ8Ri9g=,7sbauLkcwnpQXbbsWvuspRdeb2k=
6,-8,Zv8yLiEoE7Rm00oEI17LYQ8Ri9g=,NmZolbh7cIojGqCdcXzgJsNat60=
5,-9,Zv8yLiEoE7Rm00oEI17LYQ8Ri9g=,7sbauLkcwnpQXbbsWvuspRdeb2k=
5,-8,Zv8yLiEoE7Rm00oEI17LYQ8Ri9g=,7s+8thaokinIfFj42EdsN6KUuwI=
6,-9,Zv8yLiEoE7Rm00oEI17LYQ8Ri9g=,EBYWt0/QdJ0ZPyUxZkXLF7jQYMk=
4,-13,Zv8yLiEoE7Rm00oEI17LYQ8Ri9g=,N6Ga0sGYnB3I7ixLPrmC87ilX04=
4,-11,Zv8yLiEoE7Rm00oEI17LYQ8Ri9g=,NmZolbh7cIojGqCdcXzgJsNat60=
4,-12,anpnOFYtRSXtEwmu5w1n6gZNehY=,NmZolbh7cIojGqCdcXzgJsNat60=
3,-11,anpnOFYtRSXtEwmu5w1n6gZNehY=,Ndk+dGfegi2RwXCyChV7AkHjr8E=
4,-10,anpnOFYtRSXtEwmu5w1n6gZNehY=,7sbauLkcwnpQXbbsWvuspRdeb2k=
3,-12,anpnOFYtRSXtEwmu5w1n6gZNehY=,Ndk+dGfegi2RwXCyChV7AkHjr8E=
3,-10,anpnOFYtRSXtEwmu5w1n6gZNehY=,ySjyZbTwTUzPIhW7B460fhFmqqc=
3,-13,anpnOFYtRSXtEwmu5w1n6gZNehY=,S1Splknp2Ff77yBgvCE7XrxhoYM=
5,-11,anpnOFYtRSXtEwmu5w1n6gZNehY=,NmZolbh7cIojGqCdcXzgJsNat60=
5,-10,anpnOFYtRSXtEwmu5w1n6gZNehY=,7sbauLkcwnpQXbbsWvuspRdeb2k=
6,-10,anpnOFYtRSXtEwmu5w1n6gZNehY=,EBYWt0/QdJ0ZPyUxZkXLF7jQYMk=
6,-11,anpnOFYtRSXtEwmu5w1n6gZNehY=,pej+sz1hSv8uwRsLHMuEKUiHxQk=
5,-13,anpnOFYtRSXtEwmu5w1n6gZNehY=,N6Ga0sGYnB3I7ixLPrmC87ilX04=
5,-12,anpnOFYtRSXtEwmu5w1n6gZNehY=,NmZolbh7cIojGqCdcXzgJsNat60=
6,-13,anpnOFYtRSXtEwmu5w1n6gZNehY=,Ndk+dGfegi2RwXCyChV7AkHjr8E=
6,-12,anpnOFYtRSXtEwmu5w1n6gZNehY=,pej+sz1hSv8uwRsLHMuEKUiHxQk=
8,-10,anpnOFYtRSXtEwmu5w1n6gZNehY=,7s+8thaokinIfFj42EdsN6KUuwI=
7,-10,anpnOFYtRSXtEwmu5w1n6gZNehY=,EBYWt0/QdJ0ZPyUxZkXLF7jQYMk=
8,-11,anpnOFYtRSXtEwmu5w1n6gZNehY=,7s+8thaokinIfFj42EdsN6KUuwI=
7,-11,anpnOFYtRSXtEwmu5w1n6gZNehY=,pej+sz1hSv8uwRsLHMuEKUiHxQk=
10,-12,anpnOFYtRSXtEwmu5w1n6gZNehY=,7sbauLkcwnpQXbbsWvuspRdeb2k=
10,-13,anpnOFYtRSXtEwmu5w1n6gZNehY=,Ndk+dGfegi2RwXCyChV7AkHjr8E=
9,-12,anpnOFYtRSXtEwmu5w1n6gZNehY=,7s+8thaokinIfFj42EdsN6KUuwI=
7,-12,anpnOFYtRSXtEwmu5w1n6gZNehY=,pej+sz1hSv8uwRsLHMuEKUiHxQk=
7,-13,anpnOFYtRSXtEwmu5w1n6gZNehY=,Ndk+dGfegi2RwXCyChV7AkHjr8E=
8,-13,anpnOFYtRSXtEwmu5w1n6gZNehY=,FpggQWUFNIM+oJuHGn+9OPPhO3w=
8,-12,anpnOFYtRSXtEwmu5w1n6gZNehY=,7s+8thaokinIfFj42EdsN6KUuwI=
9,-13,anpnOFYtRSXtEwmu5w1n6gZNehY=,FpggQWUFNIM+oJuHGn+9OPPhO3w=
11,-14,anpnOFYtRSXtEwmu5w1n6gZNehY=,Ndk+dGfegi2RwXCyChV7AkHjr8E=
12,-15,anpnOFYtRSXtEwmu5w1n6gZNehY=,FpggQWUFNIM+oJuHGn+9OPPhO3w=
11,-15,anpnOFYtRSXtEwmu5w1n6gZNehY=,7s+8thaokinIfFj42EdsN6KUuwI=
12,-14,anpnOFYtRSXtEwmu5w1n6gZNehY=,FpggQWUFNIM+oJuHGn+9OPPhO3w=
10,-14,anpnOFYtRSXtEwmu5w1n6gZNehY=,Ndk+dGfegi2RwXCyChV7AkHjr8E=
10,-15,anpnOFYtRSXtEwmu5w1n6gZNehY=,7s+8thaokinIfFj42EdsN6KUuwI=
9,-15,anpnOFYtRSXtEwmu5w1n6gZNehY=,0oA69hFU5Jd7sAU2PYOniLtasT8=
9,-14,anpnOFYtRSXtEwmu5w1n6gZNehY=,FpggQWUFNIM+oJuHGn+9OPPhO3w=
13,-14,anpnOFYtRSXtEwmu5w1n6gZNehY=,FpggQWUFNIM+oJuHGn+9OPPhO3w=
8,-15,anpnOFYtRSXtEwmu5w1n6gZNehY=,0oA69hFU5Jd7sAU2PYOniLtasT8=
7,-15,anpnOFYtRSXtEwmu5w1n6gZNehY=,gpEbYm/3qxD5WeKZVfk1U0rJ+s8=
8,-14,anpnOFYtRSXtEwmu5w1n6gZNehY=,FpggQWUFNIM+oJuHGn+9OPPhO3w=
7,-14,anpnOFYtRSXtEwmu5w1n6gZNehY=,Ndk+dGfegi2RwXCyChV7AkHjr8E=
14,-14,anpnOFYtRSXtEwmu5w1n6gZNehY=,guVj7vqMdCQhy3PGkON1I3N5+H8=
14,-15,anpnOFYtRSXtEwmu5w1n6gZNehY=,W/J5zvpowhAu9PQ2czABdD1wndI=
13,-15,anpnOFYtRSXtEwmu5w1n6gZNehY=,FpggQWUFNIM+oJuHGn+9OPPhO3w=
12,-12,anpnOFYtRSXtEwmu5w1n6gZNehY=,0oA69hFU5Jd7sAU2PYOniLtasT8=
11,-12,anpnOFYtRSXtEwmu5w1n6gZNehY=,7sbauLkcwnpQXbbsWvuspRdeb2k=
11,-13,anpnOFYtRSXtEwmu5w1n6gZNehY=,Ndk+dGfegi2RwXCyChV7AkHjr8E=
12,-13,anpnOFYtRSXtEwmu5w1n6gZNehY=,FpggQWUFNIM+oJuHGn+9OPPhO3w=
13,-12,anpnOFYtRSXtEwmu5w1n6gZNehY=,0oA69hFU5Jd7sAU2PYOniLtasT8=
14,-12,anpnOFYtRSXtEwmu5w1n6gZNehY=,ySjyZbTwTUzPIhW7B460fhFmqqc=
13,-13,anpnOFYtRSXtEwmu5w1n6gZNehY=,FpggQWUFNIM+oJuHGn+9OPPhO3w=
14,-13,anpnOFYtRSXtEwmu5w1n6gZNehY=,guVj7vqMdCQhy3PGkON1I3N5+H8=
10,-10,anpnOFYtRSXtEwmu5w1n6gZNehY=,t+ncGAABxwJme5xuhaTBRXATtb4=
10,-11,anpnOFYtRSXtEwmu5w1n6gZNehY=,7sbauLkcwnpQXbbsWvuspRdeb2k=
9,-10,anpnOFYtRSXtEwmu5w1n6gZNehY=,7s+8thaokinIfFj42EdsN6KUuwI=
11,-11,anpnOFYtRSXtEwmu5w1n6gZNehY=,7sbauLkcwnpQXbbsWvuspRdeb2k=
11,-10,anpnOFYtRSXtEwmu5w1n6gZNehY=,t+ncGAABxwJme5xuhaTBRXATtb4=
12,-11,anpnOFYtRSXtEwmu5w1n6gZNehY=,0oA69hFU5Jd7sAU2PYOniLtasT8=
12,-10,anpnOFYtRSXtEwmu5w1n6gZNehY=,ySjyZbTwTUzPIhW7B460fhFmqqc=
9,-11,anpnOFYtRSXtEwmu5w1n6gZNehY=,7s+8thaokinIfFj42EdsN6KUuwI=
14,-10,anpnOFYtRSXtEwmu5w1n6gZNehY=,gpEbYm/3qxD5WeKZVfk1U0rJ+s8=
13,-10,anpnOFYtRSXtEwmu5w1n6gZNehY=,ySjyZbTwTUzPIhW7B460fhFmqqc=
13,-11,anpnOFYtRSXtEwmu5w1n6gZNehY=,0oA69hFU5Jd7sAU2PYOniLtasT8=
14,-11,anpnOFYtRSXtEwmu5w1n6gZNehY=,ySjyZbTwTUzPIhW7B460fhFmqqc=
14,-9,anpnOFYtRSXtEwmu5w1n6gZNehY=,gpEbYm/3qxD5WeKZVfk1U0rJ+s8=
11,-8,anpnOFYtRSXtEwmu5w1n6gZNehY=,S1Splknp2Ff77yBgvCE7XrxhoYM=
13,-8,anpnOFYtRSXtEwmu5w1n6gZNehY=,FpggQWUFNIM+oJuHGn+9OPPhO3w=
14,-8,anpnOFYtRSXtEwmu5w1n6gZNehY=,NmZolbh7cIojGqCdcXzgJsNat60=
12,-8,anpnOFYtRSXtEwmu5w1n6gZNehY=,FpggQWUFNIM+oJuHGn+9OPPhO3w=
11,-9,anpnOFYtRSXtEwmu5w1n6gZNehY=,t+ncGAABxwJme5xuhaTBRXATtb4=
12,-9,anpnOFYtRSXtEwmu5w1n6gZNehY=,ySjyZbTwTUzPIhW7B460fhFmqqc=
13,-9,anpnOFYtRSXtEwmu5w1n6gZNehY=,ySjyZbTwTUzPIhW7B460fhFmqqc=
14,-6,anpnOFYtRSXtEwmu5w1n6gZNehY=,FpggQWUFNIM+oJuHGn+9OPPhO3w=
14,-7,anpnOFYtRSXtEwmu5w1n6gZNehY=,NmZolbh7cIojGqCdcXzgJsNat60=
12,-6,anpnOFYtRSXtEwmu5w1n6gZNehY=,EBYWt0/QdJ0ZPyUxZkXLF7jQYMk=
13,-7,anpnOFYtRSXtEwmu5w1n6gZNehY=,FpggQWUFNIM+oJuHGn+9OPPhO3w=
11,-7,anpnOFYtRSXtEwmu5w1n6gZNehY=,S1Splknp2Ff77yBgvCE7XrxhoYM=
13,-6,anpnOFYtRSXtEwmu5w1n6gZNehY=,EBYWt0/QdJ0ZPyUxZkXLF7jQYMk=
12,-7,anpnOFYtRSXtEwmu5w1n6gZNehY=,FpggQWUFNIM+oJuHGn+9OPPhO3w=
11,-6,anpnOFYtRSXtEwmu5w1n6gZNehY=,7s+8thaokinIfFj42EdsN6KUuwI=
12,-5,anpnOFYtRSXtEwmu5w1n6gZNehY=,EBYWt0/QdJ0ZPyUxZkXLF7jQYMk=
12,-4,anpnOFYtRSXtEwmu5w1n6gZNehY=,gpEbYm/3qxD5WeKZVfk1U0rJ+s8=
11,-4,anpnOFYtRSXtEwmu5w1n6gZNehY=,gpEbYm/3qxD5WeKZVfk1U0rJ+s8=
11,-5,xaCCR2/Y4pL2kZU04WEsSGfksE4=,7s+8thaokinIfFj42EdsN6KUuwI=
11,-3,xaCCR2/Y4pL2kZU04WEsSGfksE4=,gpEbYm/3qxD5WeKZVfk1U0rJ+s8=
12,-3,xaCCR2/Y4pL2kZU04WEsSGfksE4=,gpEbYm/3qxD5WeKZVfk1U0rJ+s8=
12,-2,xaCCR2/Y4pL2kZU04WEsSGfksE4=,EBYWt0/QdJ0ZPyUxZkXLF7jQYMk=
11,-2,xaCCR2/Y4pL2kZU04WEsSGfksE4=,0oA69hFU5Jd7sAU2PYOniLtasT8=
8,-8,xaCCR2/Y4pL2kZU04WEsSGfksE4=,guVj7vqMdCQhy3PGkON1I3N5+H8=
9,-8,xaCCR2/Y4pL2kZU04WEsSGfksE4=,guVj7vqMdCQhy3PGkON1I3N5+H8=
10,-9,xaCCR2/Y4pL2kZU04WEsSGfksE4=,t+ncGAABxwJme5xuhaTBRXATtb4=
8,-9,xaCCR2/Y4pL2kZU04WEsSGfksE4=,7s+8thaokinIfFj42EdsN6KUuwI=
7,-9,xaCCR2/Y4pL2kZU04WEsSGfksE4=,EBYWt0/QdJ0ZPyUxZkXLF7jQYMk=
10,-3,xaCCR2/Y4pL2kZU04WEsSGfksE4=,gpEbYm/3qxD5WeKZVfk1U0rJ+s8=
10,-8,xaCCR2/Y4pL2kZU04WEsSGfksE4=,S1Splknp2Ff77yBgvCE7XrxhoYM=
9,-9,xaCCR2/Y4pL2kZU04WEsSGfksE4=,7s+8thaokinIfFj42EdsN6KUuwI=
7,-8,xaCCR2/Y4pL2kZU04WEsSGfksE4=,NmZolbh7cIojGqCdcXzgJsNat60=
9,-3,xaCCR2/Y4pL2kZU04WEsSGfksE4=,pej+sz1hSv8uwRsLHMuEKUiHxQk=
9,-2,xaCCR2/Y4pL2kZU04WEsSGfksE4=,7sbauLkcwnpQXbbsWvuspRdeb2k=
9,-4,xaCCR2/Y4pL2kZU04WEsSGfksE4=,pej+sz1hSv8uwRsLHMuEKUiHxQk=
10,-2,xaCCR2/Y4pL2kZU04WEsSGfksE4=,0oA69hFU5Jd7sAU2PYOniLtasT8=
9,-6,xaCCR2/Y4pL2kZU04WEsSGfksE4=,W/J5zvpowhAu9PQ2czABdD1wndI=
10,-5,xaCCR2/Y4pL2kZU04WEsSGfksE4=,7s+8thaokinIfFj42EdsN6KUuwI=
10,-7,xaCCR2/Y4pL2kZU04WEsSGfksE4=,S1Splknp2Ff77yBgvCE7XrxhoYM=
9,-7,xaCCR2/Y4pL2kZU04WEsSGfksE4=,guVj7vqMdCQhy3PGkON1I3N5+H8=
9,-5,xaCCR2/Y4pL2kZU04WEsSGfksE4=,W/J5zvpowhAu9PQ2czABdD1wndI=
10,-4,xaCCR2/Y4pL2kZU04WEsSGfksE4=,gpEbYm/3qxD5WeKZVfk1U0rJ+s8=
10,-6,xaCCR2/Y4pL2kZU04WEsSGfksE4=,7s+8thaokinIfFj42EdsN6KUuwI=
8,-6,xaCCR2/Y4pL2kZU04WEsSGfksE4=,W/J5zvpowhAu9PQ2czABdD1wndI=
8,-7,xaCCR2/Y4pL2kZU04WEsSGfksE4=,guVj7vqMdCQhy3PGkON1I3N5+H8=
8,-4,xaCCR2/Y4pL2kZU04WEsSGfksE4=,pej+sz1hSv8uwRsLHMuEKUiHxQk=
5,-6,xaCCR2/Y4pL2kZU04WEsSGfksE4=,NmZolbh7cIojGqCdcXzgJsNat60=
7,-7,xaCCR2/Y4pL2kZU04WEsSGfksE4=,NmZolbh7cIojGqCdcXzgJsNat60=
8,-5,xaCCR2/Y4pL2kZU04WEsSGfksE4=,W/J5zvpowhAu9PQ2czABdD1wndI=
5,-7,xaCCR2/Y4pL2kZU04WEsSGfksE4=,7s+8thaokinIfFj42EdsN6KUuwI=
6,-6,xaCCR2/Y4pL2kZU04WEsSGfksE4=,ySjyZbTwTUzPIhW7B460fhFmqqc=
6,-7,xaCCR2/Y4pL2kZU04WEsSGfksE4=,NmZolbh7cIojGqCdcXzgJsNat60=
5,-5,xaCCR2/Y4pL2kZU04WEsSGfksE4=,NmZolbh7cIojGqCdcXzgJsNat60=
6,-4,xaCCR2/Y4pL2kZU04WEsSGfksE4=,gpEbYm/3qxD5WeKZVfk1U0rJ+s8=
7,-4,xaCCR2/Y4pL2kZU04WEsSGfksE4=,gpEbYm/3qxD5WeKZVfk1U0rJ+s8=
6,-5,xaCCR2/Y4pL2kZU04WEsSGfksE4=,ySjyZbTwTUzPIhW7B460fhFmqqc=
7,-5,xaCCR2/Y4pL2kZU04WEsSGfksE4=,ySjyZbTwTUzPIhW7B460fhFmqqc=
5,-4,xaCCR2/Y4pL2kZU04WEsSGfksE4=,guVj7vqMdCQhy3PGkON1I3N5+H8=
7,-6,xaCCR2/Y4pL2kZU04WEsSGfksE4=,ySjyZbTwTUzPIhW7B460fhFmqqc=
4,-5,xaCCR2/Y4pL2kZU04WEsSGfksE4=,NmZolbh7cIojGqCdcXzgJsNat60=
4,-4,xaCCR2/Y4pL2kZU04WEsSGfksE4=,guVj7vqMdCQhy3PGkON1I3N5+H8=
3,-4,xaCCR2/Y4pL2kZU04WEsSGfksE4=,D7EkAxRmQU8p0+j70zvsRpka86E=
3,-5,xaCCR2/Y4pL2kZU04WEsSGfksE4=,EBYWt0/QdJ0ZPyUxZkXLF7jQYMk=
1,-4,xaCCR2/Y4pL2kZU04WEsSGfksE4=,Ndk+dGfegi2RwXCyChV7AkHjr8E=
1,-5,xaCCR2/Y4pL2kZU04WEsSGfksE4=,D7EkAxRmQU8p0+j70zvsRpka86E=
2,-4,xaCCR2/Y4pL2kZU04WEsSGfksE4=,D7EkAxRmQU8p0+j70zvsRpka86E=
2,-5,xaCCR2/Y4pL2kZU04WEsSGfksE4=,EBYWt0/QdJ0ZPyUxZkXLF7jQYMk=
1,-2,xaCCR2/Y4pL2kZU04WEsSGfksE4=,EBYWt0/QdJ0ZPyUxZkXLF7jQYMk=
1,-3,xaCCR2/Y4pL2kZU04WEsSGfksE4=,Ndk+dGfegi2RwXCyChV7AkHjr8E=
2,-3,xaCCR2/Y4pL2kZU04WEsSGfksE4=,D7EkAxRmQU8p0+j70zvsRpka86E=
2,-2,xaCCR2/Y4pL2kZU04WEsSGfksE4=,guVj7vqMdCQhy3PGkON1I3N5+H8=
9,-1,xaCCR2/Y4pL2kZU04WEsSGfksE4=,7sbauLkcwnpQXbbsWvuspRdeb2k=
12,-1,xaCCR2/Y4pL2kZU04WEsSGfksE4=,EBYWt0/QdJ0ZPyUxZkXLF7jQYMk=
11,-1,xaCCR2/Y4pL2kZU04WEsSGfksE4=,0oA69hFU5Jd7sAU2PYOniLtasT8=
10,-1,xaCCR2/Y4pL2kZU04WEsSGfksE4=,0oA69hFU5Jd7sAU2PYOniLtasT8=
13,-4,xaCCR2/Y4pL2kZU04WEsSGfksE4=,gpEbYm/3qxD5WeKZVfk1U0rJ+s8=
14,-5,xaCCR2/Y4pL2kZU04WEsSGfksE4=,FpggQWUFNIM+oJuHGn+9OPPhO3w=
4,-2,xaCCR2/Y4pL2kZU04WEsSGfksE4=,gpEbYm/3qxD5WeKZVfk1U0rJ+s8=
13,-5,xaCCR2/Y4pL2kZU04WEsSGfksE4=,EBYWt0/QdJ0ZPyUxZkXLF7jQYMk=
14,-4,xaCCR2/Y4pL2kZU04WEsSGfksE4=,EBYWt0/QdJ0ZPyUxZkXLF7jQYMk=
4,-1,xaCCR2/Y4pL2kZU04WEsSGfksE4=,gpEbYm/3qxD5WeKZVfk1U0rJ+s8=
3,-1,xaCCR2/Y4pL2kZU04WEsSGfksE4=,guVj7vqMdCQhy3PGkON1I3N5+H8=
4,-3,xaCCR2/Y4pL2kZU04WEsSGfksE4=,guVj7vqMdCQhy3PGkON1I3N5+H8=
3,-3,xaCCR2/Y4pL2kZU04WEsSGfksE4=,D7EkAxRmQU8p0+j70zvsRpka86E=
3,-2,xaCCR2/Y4pL2kZU04WEsSGfksE4=,guVj7vqMdCQhy3PGkON1I3N5+H8=
5,-2,xaCCR2/Y4pL2kZU04WEsSGfksE4=,gpEbYm/3qxD5WeKZVfk1U0rJ+s8=
8,-3,xaCCR2/Y4pL2kZU04WEsSGfksE4=,pej+sz1hSv8uwRsLHMuEKUiHxQk=
13,-3,xaCCR2/Y4pL2kZU04WEsSGfksE4=,gpEbYm/3qxD5WeKZVfk1U0rJ+s8=
8,-2,xaCCR2/Y4pL2kZU04WEsSGfksE4=,7sbauLkcwnpQXbbsWvuspRdeb2k=
13,-2,xaCCR2/Y4pL2kZU04WEsSGfksE4=,EBYWt0/QdJ0ZPyUxZkXLF7jQYMk=
6,-1,xaCCR2/Y4pL2kZU04WEsSGfksE4=,NmZolbh7cIojGqCdcXzgJsNat60=
15,-1,xaCCR2/Y4pL2kZU04WEsSGfksE4=,7s+8thaokinIfFj42EdsN6KUuwI=
15,-3,xaCCR2/Y4pL2kZU04WEsSGfksE4=,EBYWt0/QdJ0ZPyUxZkXLF7jQYMk=
13,-1,xaCCR2/Y4pL2kZU04WEsSGfksE4=,EBYWt0/QdJ0ZPyUxZkXLF7jQYMk=
6,-2,xaCCR2/Y4pL2kZU04WEsSGfksE4=,NmZolbh7cIojGqCdcXzgJsNat60=
14,-1,xaCCR2/Y4pL2kZU04WEsSGfksE4=,7s+8thaokinIfFj42EdsN6KUuwI=
14,-2,xaCCR2/Y4pL2kZU04WEsSGfksE4=,7s+8thaokinIfFj42EdsN6KUuwI=
14,-3,xaCCR2/Y4pL2kZU04WEsSGfksE4=,EBYWt0/QdJ0ZPyUxZkXLF7jQYMk=
6,-15,xaCCR2/Y4pL2kZU04WEsSGfksE4=,gpEbYm/3qxD5WeKZVfk1U0rJ+s8=
5,-14,xaCCR2/Y4pL2kZU04WEsSGfksE4=,N6Ga0sGYnB3I7ixLPrmC87ilX04=
8,-1,xaCCR2/Y4pL2kZU04WEsSGfksE4=,7sbauLkcwnpQXbbsWvuspRdeb2k=
6,-14,xaCCR2/Y4pL2kZU04WEsSGfksE4=,Ndk+dGfegi2RwXCyChV7AkHjr8E=
7,-1,xaCCR2/Y4pL2kZU04WEsSGfksE4=,NmZolbh7cIojGqCdcXzgJsNat60=
15,-2,xaCCR2/Y4pL2kZU04WEsSGfksE4=,7s+8thaokinIfFj42EdsN6KUuwI=
4,-14,xaCCR2/Y4pL2kZU04WEsSGfksE4=,N6Ga0sGYnB3I7ixLPrmC87ilX04=
3,-15,xaCCR2/Y4pL2kZU04WEsSGfksE4=,EBYWt0/QdJ0ZPyUxZkXLF7jQYMk=
3,-14,xaCCR2/Y4pL2kZU04WEsSGfksE4=,S1Splknp2Ff77yBgvCE7XrxhoYM=
2,-14,xaCCR2/Y4pL2kZU04WEsSGfksE4=,S1Splknp2Ff77yBgvCE7XrxhoYM=
2,-15,xaCCR2/Y4pL2kZU04WEsSGfksE4=,EBYWt0/QdJ0ZPyUxZkXLF7jQYMk=
5,-3,xaCCR2/Y4pL2kZU04WEsSGfksE4=,guVj7vqMdCQhy3PGkON1I3N5+H8=
1,-15,xaCCR2/Y4pL2kZU04WEsSGfksE4=,N6Ga0sGYnB3I7ixLPrmC87ilX04=
7,-3,xaCCR2/Y4pL2kZU04WEsSGfksE4=,gpEbYm/3qxD5WeKZVfk1U0rJ+s8=
7,-2,xaCCR2/Y4pL2kZU04WEsSGfksE4=,NmZolbh7cIojGqCdcXzgJsNat60=
6,-3,xaCCR2/Y4pL2kZU04WEsSGfksE4=,gpEbYm/3qxD5WeKZVfk1U0rJ+s8=
5,-1,xaCCR2/Y4pL2kZU04WEsSGfksE4=,gpEbYm/3qxD5WeKZVfk1U0rJ+s8=
2,-16,xaCCR2/Y4pL2kZU04WEsSGfksE4=,EBYWt0/QdJ0ZPyUxZkXLF7jQYMk=
1,-16,xaCCR2/Y4pL2kZU04WEsSGfksE4=,N6Ga0sGYnB3I7ixLPrmC87ilX04=
1,-14,xaCCR2/Y4pL2kZU04WEsSGfksE4=,7sbauLkcwnpQXbbsWvuspRdeb2k=
0,-10,xaCCR2/Y4pL2kZU04WEsSGfksE4=,pej+sz1hSv8uwRsLHMuEKUiHxQk=
0,-13,xaCCR2/Y4pL2kZU04WEsSGfksE4=,7sbauLkcwnpQXbbsWvuspRdeb2k=
0,-15,xaCCR2/Y4pL2kZU04WEsSGfksE4=,N6Ga0sGYnB3I7ixLPrmC87ilX04=
0,-14,xaCCR2/Y4pL2kZU04WEsSGfksE4=,7sbauLkcwnpQXbbsWvuspRdeb2k=
0,-8,xaCCR2/Y4pL2kZU04WEsSGfksE4=,t+ncGAABxwJme5xuhaTBRXATtb4=
0,-12,xaCCR2/Y4pL2kZU04WEsSGfksE4=,guVj7vqMdCQhy3PGkON1I3N5+H8=
0,-9,xaCCR2/Y4pL2kZU04WEsSGfksE4=,pej+sz1hSv8uwRsLHMuEKUiHxQk=
0,-4,xaCCR2/Y4pL2kZU04WEsSGfksE4=,Ndk+dGfegi2RwXCyChV7AkHjr8E=
0,-1,xaCCR2/Y4pL2kZU04WEsSGfksE4=,EBYWt0/QdJ0ZPyUxZkXLF7jQYMk=
0,-7,xaCCR2/Y4pL2kZU04WEsSGfksE4=,t+ncGAABxwJme5xuhaTBRXATtb4=
15,-4,xaCCR2/Y4pL2kZU04WEsSGfksE4=,EBYWt0/QdJ0ZPyUxZkXLF7jQYMk=
0,-11,xaCCR2/Y4pL2kZU04WEsSGfksE4=,guVj7vqMdCQhy3PGkON1I3N5+H8=
1,-1,xaCCR2/Y4pL2kZU04WEsSGfksE4=,EBYWt0/QdJ0ZPyUxZkXLF7jQYMk=
15,-5,xaCCR2/Y4pL2kZU04WEsSGfksE4=,FpggQWUFNIM+oJuHGn+9OPPhO3w=
0,-2,xaCCR2/Y4pL2kZU04WEsSGfksE4=,EBYWt0/QdJ0ZPyUxZkXLF7jQYMk=
15,-6,xaCCR2/Y4pL2kZU04WEsSGfksE4=,FpggQWUFNIM+oJuHGn+9OPPhO3w=
15,-7,xaCCR2/Y4pL2kZU04WEsSGfksE4=,NmZolbh7cIojGqCdcXzgJsNat60=
0,-6,xaCCR2/Y4pL2kZU04WEsSGfksE4=,D7EkAxRmQU8p0+j70zvsRpka86E=
2,-1,xaCCR2/Y4pL2kZU04WEsSGfksE4=,guVj7vqMdCQhy3PGkON1I3N5+H8=
15,-9,xaCCR2/Y4pL2kZU04WEsSGfksE4=,gpEbYm/3qxD5WeKZVfk1U0rJ+s8=
0,-3,xaCCR2/Y4pL2kZU04WEsSGfksE4=,Ndk+dGfegi2RwXCyChV7AkHjr8E=
15,-8,xaCCR2/Y4pL2kZU04WEsSGfksE4=,NmZolbh7cIojGqCdcXzgJsNat60=
0,-5,xaCCR2/Y4pL2kZU04WEsSGfksE4=,D7EkAxRmQU8p0+j70zvsRpka86E=
15,-10,xaCCR2/Y4pL2kZU04WEsSGfksE4=,gpEbYm/3qxD5WeKZVfk1U0rJ+s8=
3,-16,xaCCR2/Y4pL2kZU04WEsSGfksE4=,EBYWt0/QdJ0ZPyUxZkXLF7jQYMk=
6,-16,xaCCR2/Y4pL2kZU04WEsSGfksE4=,gpEbYm/3qxD5WeKZVfk1U0rJ+s8=
15,-11,xaCCR2/Y4pL2kZU04WEsSGfksE4=,ySjyZbTwTUzPIhW7B460fhFmqqc=
0,-16,xaCCR2/Y4pL2kZU04WEsSGfksE4=,N6Ga0sGYnB3I7ixLPrmC87ilX04=
14,-16,xaCCR2/Y4pL2kZU04WEsSGfksE4=,W/J5zvpowhAu9PQ2czABdD1wndI=
11,-16,xaCCR2/Y4pL2kZU04WEsSGfksE4=,7s+8thaokinIfFj42EdsN6KUuwI=
15,-12,xaCCR2/Y4pL2kZU04WEsSGfksE4=,ySjyZbTwTUzPIhW7B460fhFmqqc=
13,-16,xaCCR2/Y4pL2kZU04WEsSGfksE4=,FpggQWUFNIM+oJuHGn+9OPPhO3w=
15,-16,xaCCR2/Y4pL2kZU04WEsSGfksE4=,W/J5zvpowhAu9PQ2czABdD1wndI=
12,-16,xaCCR2/Y4pL2kZU04WEsSGfksE4=,FpggQWUFNIM+oJuHGn+9OPPhO3w=
15,-13,xaCCR2/Y4pL2kZU04WEsSGfksE4=,guVj7vqMdCQhy3PGkON1I3N5+H8=
15,-15,xaCCR2/Y4pL2kZU04WEsSGfksE4=,W/J5zvpowhAu9PQ2czABdD1wndI=
15,-14,xaCCR2/Y4pL2kZU04WEsSGfksE4=,guVj7vqMdCQhy3PGkON1I3N5+H8=
7,-16,xaCCR2/Y4pL2kZU04WEsSGfksE4=,gpEbYm/3qxD5WeKZVfk1U0rJ+s8=
10,-16,xaCCR2/Y4pL2kZU04WEsSGfksE4=,7s+8thaokinIfFj42EdsN6KUuwI=
8,-16,xaCCR2/Y4pL2kZU04WEsSGfksE4=,0oA69hFU5Jd7sAU2PYOniLtasT8=
9,-16,xaCCR2/Y4pL2kZU04WEsSGfksE4=,0oA69hFU5Jd7sAU2PYOniLtasT8=
