2,1,gqMpyvycp4vtyPCFkposSJFXVoc=,Ndk+dGfegi2RwXCyChV7AkHjr8E=
2,2,gqMpyvycp4vtyPCFkposSJFXVoc=,N6Ga0sGYnB3I7ixLPrmC87ilX04=
1,1,gqMpyvycp4vtyPCFkposSJFXVoc=,W/J5zvpowhAu9PQ2czABdD1wndI=
1,2,gqMpyvycp4vtyPCFkposSJFXVoc=,t+ncGAABxwJme5xuhaTBRXATtb4=
2,4,gqMpyvycp4vtyPCFkposSJFXVoc=,e5A8CLmi2OKu/NsaZc3+il+4WRI=
4,3,gqMpyvycp4vtyPCFkposSJFXVoc=,ySjyZbTwTUzPIhW7B460fhFmqqc=
4,4,gqMpyvycp4vtyPCFkposSJFXVoc=,7s+8thaokinIfFj42EdsN6KUuwI=
1,3,gqMpyvycp4vtyPCFkposSJFXVoc=,t+ncGAABxwJme5xuhaTBRXATtb4=
3,3,gqMpyvycp4vtyPCFkposSJFXVoc=,N6Ga0sGYnB3I7ixLPrmC87ilX04=
3,4,gqMpyvycp4vtyPCFkposSJFXVoc=,e5A8CLmi2OKu/NsaZc3+il+4WRI=
2,3,gqMpyvycp4vtyPCFkposSJFXVoc=,N6Ga0sGYnB3I7ixLPrmC87ilX04=
1,4,gqMpyvycp4vtyPCFkposSJFXVoc=,W/J5zvpowhAu9PQ2czABdD1wndI=
6,3,gqMpyvycp4vtyPCFkposSJFXVoc=,S1Splknp2Ff77yBgvCE7XrxhoYM=
5,4,gqMpyvycp4vtyPCFkposSJFXVoc=,7s+8thaokinIfFj42EdsN6KUuwI=
6,4,gqMpyvycp4vtyPCFkposSJFXVoc=,W/J5zvpowhAu9PQ2czABdD1wndI=
4,2,gqMpyvycp4vtyPCFkposSJFXVoc=,ySjyZbTwTUzPIhW7B460fhFmqqc=
3,2,gqMpyvycp4vtyPCFkposSJFXVoc=,N6Ga0sGYnB3I7ixLPrmC87ilX04=
5,3,gqMpyvycp4vtyPCFkposSJFXVoc=,ySjyZbTwTUzPIhW7B460fhFmqqc=
3,1,gqMpyvycp4vtyPCFkposSJFXVoc=,Ndk+dGfegi2RwXCyChV7AkHjr8E=
4,1,gqMpyvycp4vtyPCFkposSJFXVoc=,pej+sz1hSv8uwRsLHMuEKUiHxQk=
6,1,OmKwU5K/c8d+S1wV8i8TlngUe4w=,FpggQWUFNIM+oJuHGn+9OPPhO3w=
5,2,OmKwU5K/c8d+S1wV8i8TlngUe4w=,ySjyZbTwTUzPIhW7B460fhFmqqc=
5,1,OmKwU5K/c8d+S1wV8i8TlngUe4w=,pej+sz1hSv8uwRsLHMuEKUiHxQk=
8,4,OmKwU5K/c8d+S1wV8i8TlngUe4w=,t+ncGAABxwJme5xuhaTBRXATtb4=
6,2,OmKwU5K/c8d+S1wV8i8TlngUe4w=,S1Splknp2Ff77yBgvCE7XrxhoYM=
8,3,OmKwU5K/c8d+S1wV8i8TlngUe4w=,t+ncGAABxwJme5xuhaTBRXATtb4=
7,3,OmKwU5K/c8d+S1wV8i8TlngUe4w=,S1Splknp2Ff77yBgvCE7XrxhoYM=
7,4,OmKwU5K/c8d+S1wV8i8TlngUe4w=,W/J5zvpowhAu9PQ2czABdD1wndI=
8,2,OmKwU5K/c8d+S1wV8i8TlngUe4w=,t+ncGAABxwJme5xuhaTBRXATtb4=
7,2,OmKwU5K/c8d+S1wV8i8TlngUe4w=,S1Splknp2Ff77yBgvCE7XrxhoYM=
8,1,OmKwU5K/c8d+S1wV8i8TlngUe4w=,S1Splknp2Ff77yBgvCE7XrxhoYM=
7,1,OmKwU5K/c8d+S1wV8i8TlngUe4w=,FpggQWUFNIM+oJuHGn+9OPPhO3w=
10,1,OmKwU5K/c8d+S1wV8i8TlngUe4w=,FpggQWUFNIM+oJuHGn+9OPPhO3w=
10,2,OmKwU5K/c8d+S1wV8i8TlngUe4w=,7sbauLkcwnpQXbbsWvuspRdeb2k=
10,4,OmKwU5K/c8d+S1wV8i8TlngUe4w=,7s+8thaokinIfFj42EdsN6KUuwI=
9,2,OmKwU5K/c8d+S1wV8i8TlngUe4w=,t+ncGAABxwJme5xuhaTBRXATtb4=
9,1,OmKwU5K/c8d+S1wV8i8TlngUe4w=,S1Splknp2Ff77yBgvCE7XrxhoYM=
10,3,OmKwU5K/c8d+S1wV8i8TlngUe4w=,7sbauLkcwnpQXbbsWvuspRdeb2k=
9,4,OmKwU5K/c8d+S1wV8i8TlngUe4w=,t+ncGAABxwJme5xuhaTBRXATtb4=
9,3,OmKwU5K/c8d+S1wV8i8TlngUe4w=,t+ncGAABxwJme5xuhaTBRXATtb4=
12,3,OmKwU5K/c8d+S1wV8i8TlngUe4w=,EBYWt0/QdJ0ZPyUxZkXLF7jQYMk=
12,4,OmKwU5K/c8d+S1wV8i8TlngUe4w=,EBYWt0/QdJ0ZPyUxZkXLF7jQYMk=
11,4,OmKwU5K/c8d+S1wV8i8TlngUe4w=,7s+8thaokinIfFj42EdsN6KUuwI=
11,3,OmKwU5K/c8d+S1wV8i8TlngUe4w=,7sbauLkcwnpQXbbsWvuspRdeb2k=
12,2,OmKwU5K/c8d+S1wV8i8TlngUe4w=,EBYWt0/QdJ0ZPyUxZkXLF7jQYMk=
11,2,OmKwU5K/c8d+S1wV8i8TlngUe4w=,7sbauLkcwnpQXbbsWvuspRdeb2k=
11,1,OmKwU5K/c8d+S1wV8i8TlngUe4w=,FpggQWUFNIM+oJuHGn+9OPPhO3w=
15,3,OmKwU5K/c8d+S1wV8i8TlngUe4w=,D7EkAxRmQU8p0+j70zvsRpka86E=
12,1,OmKwU5K/c8d+S1wV8i8TlngUe4w=,N6Ga0sGYnB3I7ixLPrmC87ilX04=
14,4,OmKwU5K/c8d+S1wV8i8TlngUe4w=,W/J5zvpowhAu9PQ2czABdD1wndI=
0,2,OmKwU5K/c8d+S1wV8i8TlngUe4w=,t+ncGAABxwJme5xuhaTBRXATtb4=
15,4,OmKwU5K/c8d+S1wV8i8TlngUe4w=,W/J5zvpowhAu9PQ2czABdD1wndI=
14,3,OmKwU5K/c8d+S1wV8i8TlngUe4w=,D7EkAxRmQU8p0+j70zvsRpka86E=
0,1,OmKwU5K/c8d+S1wV8i8TlngUe4w=,W/J5zvpowhAu9PQ2czABdD1wndI=
13,3,OmKwU5K/c8d+S1wV8i8TlngUe4w=,EBYWt0/QdJ0ZPyUxZkXLF7jQYMk=
13,4,OmKwU5K/c8d+S1wV8i8TlngUe4w=,EBYWt0/QdJ0ZPyUxZkXLF7jQYMk=
0,4,OmKwU5K/c8d+S1wV8i8TlngUe4w=,W/J5zvpowhAu9PQ2czABdD1wndI=
0,0,OmKwU5K/c8d+S1wV8i8TlngUe4w=,W/J5zvpowhAu9PQ2czABdD1wndI=
0,3,OmKwU5K/c8d+S1wV8i8TlngUe4w=,t+ncGAABxwJme5xuhaTBRXATtb4=
2,0,OmKwU5K/c8d+S1wV8i8TlngUe4w=,Ndk+dGfegi2RwXCyChV7AkHjr8E=
1,10,OmKwU5K/c8d+S1wV8i8TlngUe4w=,gpEbYm/3qxD5WeKZVfk1U0rJ+s8=
0,9,OmKwU5K/c8d+S1wV8i8TlngUe4w=,ySjyZbTwTUzPIhW7B460fhFmqqc=
1,9,OmKwU5K/c8d+S1wV8i8TlngUe4w=,ySjyZbTwTUzPIhW7B460fhFmqqc=
0,10,OmKwU5K/c8d+S1wV8i8TlngUe4w=,gpEbYm/3qxD5WeKZVfk1U0rJ+s8=
1,0,OmKwU5K/c8d+S1wV8i8TlngUe4w=,W/J5zvpowhAu9PQ2czABdD1wndI=
4,0,OmKwU5K/c8d+S1wV8i8TlngUe4w=,pej+sz1hSv8uwRsLHMuEKUiHxQk=
0,11,OmKwU5K/c8d+S1wV8i8TlngUe4w=,gpEbYm/3qxD5WeKZVfk1U0rJ+s8=
1,11,OmKwU5K/c8d+S1wV8i8TlngUe4w=,gpEbYm/3qxD5WeKZVfk1U0rJ+s8=
4,5,OmKwU5K/c8d+S1wV8i8TlngUe4w=,7s+8thaokinIfFj42EdsN6KUuwI=
3,5,OmKwU5K/c8d+S1wV8i8TlngUe4w=,e5A8CLmi2OKu/NsaZc3+il+4WRI=
6,5,OmKwU5K/c8d+S1wV8i8TlngUe4w=,W/J5zvpowhAu9PQ2czABdD1wndI=
3,6,OmKwU5K/c8d+S1wV8i8TlngUe4w=,D7EkAxRmQU8p0+j70zvsRpka86E=
5,5,OmKwU5K/c8d+S1wV8i8TlngUe4w=,7s+8thaokinIfFj42EdsN6KUuwI=
15,1,OmKwU5K/c8d+S1wV8i8TlngUe4w=,7s+8thaokinIfFj42EdsN6KUuwI=
6,0,OmKwU5K/c8d+S1wV8i8TlngUe4w=,FpggQWUFNIM+oJuHGn+9OPPhO3w=
8,0,OmKwU5K/c8d+S1wV8i8TlngUe4w=,S1Splknp2Ff77yBgvCE7XrxhoYM=
13,0,OmKwU5K/c8d+S1wV8i8TlngUe4w=,N6Ga0sGYnB3I7ixLPrmC87ilX04=
3,0,OmKwU5K/c8d+S1wV8i8TlngUe4w=,Ndk+dGfegi2RwXCyChV7AkHjr8E=
5,0,OmKwU5K/c8d+S1wV8i8TlngUe4w=,pej+sz1hSv8uwRsLHMuEKUiHxQk=
15,2,OmKwU5K/c8d+S1wV8i8TlngUe4w=,D7EkAxRmQU8p0+j70zvsRpka86E=
12,0,OmKwU5K/c8d+S1wV8i8TlngUe4w=,N6Ga0sGYnB3I7ixLPrmC87ilX04=
13,1,OmKwU5K/c8d+S1wV8i8TlngUe4w=,N6Ga0sGYnB3I7ixLPrmC87ilX04=
13,2,OmKwU5K/c8d+S1wV8i8TlngUe4w=,EBYWt0/QdJ0ZPyUxZkXLF7jQYMk=
7,0,OmKwU5K/c8d+S1wV8i8TlngUe4w=,FpggQWUFNIM+oJuHGn+9OPPhO3w=
3,7,OmKwU5K/c8d+S1wV8i8TlngUe4w=,D7EkAxRmQU8p0+j70zvsRpka86E=
14,2,OmKwU5K/c8d+S1wV8i8TlngUe4w=,D7EkAxRmQU8p0+j70zvsRpka86E=
15,0,OmKwU5K/c8d+S1wV8i8TlngUe4w=,7s+8thaokinIfFj42EdsN6KUuwI=
14,0,OmKwU5K/c8d+S1wV8i8TlngUe4w=,7s+8thaokinIfFj42EdsN6KUuwI=
14,1,OmKwU5K/c8d+S1wV8i8TlngUe4w=,7s+8thaokinIfFj42EdsN6KUuwI=
7,5,OmKwU5K/c8d+S1wV8i8TlngUe4w=,W/J5zvpowhAu9PQ2czABdD1wndI=
8,5,OmKwU5K/c8d+S1wV8i8TlngUe4w=,t+ncGAABxwJme5xuhaTBRXATtb4=
14,5,OmKwU5K/c8d+S1wV8i8TlngUe4w=,W/J5zvpowhAu9PQ2czABdD1wndI=
9,6,OmKwU5K/c8d+S1wV8i8TlngUe4w=,W/J5zvpowhAu9PQ2czABdD1wndI=
10,6,OmKwU5K/c8d+S1wV8i8TlngUe4w=,D7EkAxRmQU8p0+j70zvsRpka86E=
12,6,OmKwU5K/c8d+S1wV8i8TlngUe4w=,7s+8thaokinIfFj42EdsN6KUuwI=
11,6,OmKwU5K/c8d+S1wV8i8TlngUe4w=,D7EkAxRmQU8p0+j70zvsRpka86E=
13,6,OmKwU5K/c8d+S1wV8i8TlngUe4w=,7s+8thaokinIfFj42EdsN6KUuwI=
10,7,OmKwU5K/c8d+S1wV8i8TlngUe4w=,D7EkAxRmQU8p0+j70zvsRpka86E=
11,7,OmKwU5K/c8d+S1wV8i8TlngUe4w=,D7EkAxRmQU8p0+j70zvsRpka86E=
15,5,OmKwU5K/c8d+S1wV8i8TlngUe4w=,W/J5zvpowhAu9PQ2czABdD1wndI=
8,7,OmKwU5K/c8d+S1wV8i8TlngUe4w=,W/J5zvpowhAu9PQ2czABdD1wndI=
13,7,OmKwU5K/c8d+S1wV8i8TlngUe4w=,7s+8thaokinIfFj42EdsN6KUuwI=
9,5,OmKwU5K/c8d+S1wV8i8TlngUe4w=,t+ncGAABxwJme5xuhaTBRXATtb4=
13,5,OmKwU5K/c8d+S1wV8i8TlngUe4w=,EBYWt0/QdJ0ZPyUxZkXLF7jQYMk=
12,7,OmKwU5K/c8d+S1wV8i8TlngUe4w=,7s+8thaokinIfFj42EdsN6KUuwI=
10,5,OmKwU5K/c8d+S1wV8i8TlngUe4w=,7s+8thaokinIfFj42EdsN6KUuwI=
11,0,OmKwU5K/c8d+S1wV8i8TlngUe4w=,FpggQWUFNIM+oJuHGn+9OPPhO3w=
12,5,OmKwU5K/c8d+S1wV8i8TlngUe4w=,EBYWt0/QdJ0ZPyUxZkXLF7jQYMk=
11,5,OmKwU5K/c8d+S1wV8i8TlngUe4w=,7s+8thaokinIfFj42EdsN6KUuwI=
1,8,OmKwU5K/c8d+S1wV8i8TlngUe4w=,ySjyZbTwTUzPIhW7B460fhFmqqc=
2,6,OmKwU5K/c8d+S1wV8i8TlngUe4w=,D7EkAxRmQU8p0+j70zvsRpka86E=
2,7,OmKwU5K/c8d+S1wV8i8TlngUe4w=,D7EkAxRmQU8p0+j70zvsRpka86E=
0,8,OmKwU5K/c8d+S1wV8i8TlngUe4w=,ySjyZbTwTUzPIhW7B460fhFmqqc=
9,0,OmKwU5K/c8d+S1wV8i8TlngUe4w=,S1Splknp2Ff77yBgvCE7XrxhoYM=
10,0,OmKwU5K/c8d+S1wV8i8TlngUe4w=,FpggQWUFNIM+oJuHGn+9OPPhO3w=
1,7,OmKwU5K/c8d+S1wV8i8TlngUe4w=,e5A8CLmi2OKu/NsaZc3+il+4WRI=
2,5,OmKwU5K/c8d+S1wV8i8TlngUe4w=,e5A8CLmi2OKu/NsaZc3+il+4WRI=
0,6,OmKwU5K/c8d+S1wV8i8TlngUe4w=,e5A8CLmi2OKu/NsaZc3+il+4WRI=
0,7,OmKwU5K/c8d+S1wV8i8TlngUe4w=,e5A8CLmi2OKu/NsaZc3+il+4WRI=
0,5,OmKwU5K/c8d+S1wV8i8TlngUe4w=,W/J5zvpowhAu9PQ2czABdD1wndI=
1,5,OmKwU5K/c8d+S1wV8i8TlngUe4w=,W/J5zvpowhAu9PQ2czABdD1wndI=
9,7,OmKwU5K/c8d+S1wV8i8TlngUe4w=,W/J5zvpowhAu9PQ2czABdD1wndI=
1,6,OmKwU5K/c8d+S1wV8i8TlngUe4w=,e5A8CLmi2OKu/NsaZc3+il+4WRI=
8,6,OmKwU5K/c8d+S1wV8i8TlngUe4w=,W/J5zvpowhAu9PQ2czABdD1wndI=
17,1,WH9lTKBk2BXPySOsGwIQao6rPxY=,ySjyZbTwTUzPIhW7B460fhFmqqc=
17,2,WH9lTKBk2BXPySOsGwIQao6rPxY=,Ndk+dGfegi2RwXCyChV7AkHjr8E=
18,1,WH9lTKBk2BXPySOsGwIQao6rPxY=,ySjyZbTwTUzPIhW7B460fhFmqqc=
23,2,WH9lTKBk2BXPySOsGwIQao6rPxY=,gpEbYm/3qxD5WeKZVfk1U0rJ+s8=
24,1,WH9lTKBk2BXPySOsGwIQao6rPxY=,pej+sz1hSv8uwRsLHMuEKUiHxQk=
24,2,WH9lTKBk2BXPySOsGwIQao6rPxY=,e5A8CLmi2OKu/NsaZc3+il+4WRI=
23,1,WH9lTKBk2BXPySOsGwIQao6rPxY=,W/J5zvpowhAu9PQ2czABdD1wndI=
26,1,WH9lTKBk2BXPySOsGwIQao6rPxY=,gpEbYm/3qxD5WeKZVfk1U0rJ+s8=
26,2,WH9lTKBk2BXPySOsGwIQao6rPxY=,e5A8CLmi2OKu/NsaZc3+il+4WRI=
25,2,WH9lTKBk2BXPySOsGwIQao6rPxY=,e5A8CLmi2OKu/NsaZc3+il+4WRI=
25,1,WH9lTKBk2BXPySOsGwIQao6rPxY=,pej+sz1hSv8uwRsLHMuEKUiHxQk=
27,4,WH9lTKBk2BXPySOsGwIQao6rPxY=,N6Ga0sGYnB3I7ixLPrmC87ilX04=
28,4,WH9lTKBk2BXPySOsGwIQao6rPxY=,EBYWt0/QdJ0ZPyUxZkXLF7jQYMk=
28,3,WH9lTKBk2BXPySOsGwIQao6rPxY=,7s+8thaokinIfFj42EdsN6KUuwI=
27,3,WH9lTKBk2BXPySOsGwIQao6rPxY=,e5A8CLmi2OKu/NsaZc3+il+4WRI=
31,1,WH9lTKBk2BXPySOsGwIQao6rPxY=,guVj7vqMdCQhy3PGkON1I3N5+H8=
30,1,WH9lTKBk2BXPySOsGwIQao6rPxY=,guVj7vqMdCQhy3PGkON1I3N5+H8=
31,2,WH9lTKBk2BXPySOsGwIQao6rPxY=,W/J5zvpowhAu9PQ2czABdD1wndI=
29,1,WH9lTKBk2BXPySOsGwIQao6rPxY=,7s+8thaokinIfFj42EdsN6KUuwI=
30,0,WH9lTKBk2BXPySOsGwIQao6rPxY=,guVj7vqMdCQhy3PGkON1I3N5+H8=
21,0,WH9lTKBk2BXPySOsGwIQao6rPxY=,W/J5zvpowhAu9PQ2czABdD1wndI=
20,0,WH9lTKBk2BXPySOsGwIQao6rPxY=,W/J5zvpowhAu9PQ2czABdD1wndI=
22,0,WH9lTKBk2BXPySOsGwIQao6rPxY=,W/J5zvpowhAu9PQ2czABdD1wndI=
19,0,WH9lTKBk2BXPySOsGwIQao6rPxY=,ySjyZbTwTUzPIhW7B460fhFmqqc=
17,3,WH9lTKBk2BXPySOsGwIQao6rPxY=,Ndk+dGfegi2RwXCyChV7AkHjr8E=
28,1,WH9lTKBk2BXPySOsGwIQao6rPxY=,7s+8thaokinIfFj42EdsN6KUuwI=
29,0,WH9lTKBk2BXPySOsGwIQao6rPxY=,7s+8thaokinIfFj42EdsN6KUuwI=
26,4,WH9lTKBk2BXPySOsGwIQao6rPxY=,N6Ga0sGYnB3I7ixLPrmC87ilX04=
25,4,WH9lTKBk2BXPySOsGwIQao6rPxY=,t+ncGAABxwJme5xuhaTBRXATtb4=
24,4,WH9lTKBk2BXPySOsGwIQao6rPxY=,t+ncGAABxwJme5xuhaTBRXATtb4=
23,3,WH9lTKBk2BXPySOsGwIQao6rPxY=,gpEbYm/3qxD5WeKZVfk1U0rJ+s8=
24,3,WH9lTKBk2BXPySOsGwIQao6rPxY=,e5A8CLmi2OKu/NsaZc3+il+4WRI=
30,3,WH9lTKBk2BXPySOsGwIQao6rPxY=,W/J5zvpowhAu9PQ2czABdD1wndI=
29,4,WH9lTKBk2BXPySOsGwIQao6rPxY=,EBYWt0/QdJ0ZPyUxZkXLF7jQYMk=
29,2,WH9lTKBk2BXPySOsGwIQao6rPxY=,7s+8thaokinIfFj42EdsN6KUuwI=
19,1,WH9lTKBk2BXPySOsGwIQao6rPxY=,ySjyZbTwTUzPIhW7B460fhFmqqc=
20,1,WH9lTKBk2BXPySOsGwIQao6rPxY=,W/J5zvpowhAu9PQ2czABdD1wndI=
21,1,WH9lTKBk2BXPySOsGwIQao6rPxY=,W/J5zvpowhAu9PQ2czABdD1wndI=
22,1,WH9lTKBk2BXPySOsGwIQao6rPxY=,W/J5zvpowhAu9PQ2czABdD1wndI=
22,2,WH9lTKBk2BXPySOsGwIQao6rPxY=,gpEbYm/3qxD5WeKZVfk1U0rJ+s8=
30,2,WH9lTKBk2BXPySOsGwIQao6rPxY=,W/J5zvpowhAu9PQ2czABdD1wndI=
27,1,WH9lTKBk2BXPySOsGwIQao6rPxY=,gpEbYm/3qxD5WeKZVfk1U0rJ+s8=
29,3,WH9lTKBk2BXPySOsGwIQao6rPxY=,7s+8thaokinIfFj42EdsN6KUuwI=
31,0,WH9lTKBk2BXPySOsGwIQao6rPxY=,guVj7vqMdCQhy3PGkON1I3N5+H8=
30,4,WH9lTKBk2BXPySOsGwIQao6rPxY=,Ndk+dGfegi2RwXCyChV7AkHjr8E=
31,5,WH9lTKBk2BXPySOsGwIQao6rPxY=,Ndk+dGfegi2RwXCyChV7AkHjr8E=
29,5,WH9lTKBk2BXPySOsGwIQao6rPxY=,EBYWt0/QdJ0ZPyUxZkXLF7jQYMk=
27,2,WH9lTKBk2BXPySOsGwIQao6rPxY=,e5A8CLmi2OKu/NsaZc3+il+4WRI=
25,3,WH9lTKBk2BXPySOsGwIQao6rPxY=,e5A8CLmi2OKu/NsaZc3+il+4WRI=
30,5,WH9lTKBk2BXPySOsGwIQao6rPxY=,Ndk+dGfegi2RwXCyChV7AkHjr8E=
28,0,WH9lTKBk2BXPySOsGwIQao6rPxY=,7s+8thaokinIfFj42EdsN6KUuwI=
27,0,WH9lTKBk2BXPySOsGwIQao6rPxY=,gpEbYm/3qxD5WeKZVfk1U0rJ+s8=
26,3,WH9lTKBk2BXPySOsGwIQao6rPxY=,e5A8CLmi2OKu/NsaZc3+il+4WRI=
17,0,WH9lTKBk2BXPySOsGwIQao6rPxY=,ySjyZbTwTUzPIhW7B460fhFmqqc=
25,5,WH9lTKBk2BXPySOsGwIQao6rPxY=,t+ncGAABxwJme5xuhaTBRXATtb4=
22,3,WH9lTKBk2BXPySOsGwIQao6rPxY=,gpEbYm/3qxD5WeKZVfk1U0rJ+s8=
26,5,WH9lTKBk2BXPySOsGwIQao6rPxY=,N6Ga0sGYnB3I7ixLPrmC87ilX04=
16,3,WH9lTKBk2BXPySOsGwIQao6rPxY=,Ndk+dGfegi2RwXCyChV7AkHjr8E=
24,5,WH9lTKBk2BXPySOsGwIQao6rPxY=,t+ncGAABxwJme5xuhaTBRXATtb4=
18,0,WH9lTKBk2BXPySOsGwIQao6rPxY=,ySjyZbTwTUzPIhW7B460fhFmqqc=
23,0,WH9lTKBk2BXPySOsGwIQao6rPxY=,W/J5zvpowhAu9PQ2czABdD1wndI=
28,2,WH9lTKBk2BXPySOsGwIQao6rPxY=,7s+8thaokinIfFj42EdsN6KUuwI=
24,0,WH9lTKBk2BXPySOsGwIQao6rPxY=,pej+sz1hSv8uwRsLHMuEKUiHxQk=
16,1,WH9lTKBk2BXPySOsGwIQao6rPxY=,ySjyZbTwTUzPIhW7B460fhFmqqc=
16,2,WH9lTKBk2BXPySOsGwIQao6rPxY=,Ndk+dGfegi2RwXCyChV7AkHjr8E=
16,0,WH9lTKBk2BXPySOsGwIQao6rPxY=,ySjyZbTwTUzPIhW7B460fhFmqqc=
31,4,WH9lTKBk2BXPySOsGwIQao6rPxY=,Ndk+dGfegi2RwXCyChV7AkHjr8E=
27,5,WH9lTKBk2BXPySOsGwIQao6rPxY=,N6Ga0sGYnB3I7ixLPrmC87ilX04=
28,5,WH9lTKBk2BXPySOsGwIQao6rPxY=,EBYWt0/QdJ0ZPyUxZkXLF7jQYMk=
31,3,WH9lTKBk2BXPySOsGwIQao6rPxY=,W/J5zvpowhAu9PQ2czABdD1wndI=
26,0,WH9lTKBk2BXPySOsGwIQao6rPxY=,gpEbYm/3qxD5WeKZVfk1U0rJ+s8=
25,0,WH9lTKBk2BXPySOsGwIQao6rPxY=,pej+sz1hSv8uwRsLHMuEKUiHxQk=
