13,-1,zkb/b7ML+0mB2PR1Jqk7RQNg2V8=,pmAOaM9rgHPI+h0GnZDDLDgn0xs=
12,-3,zkb/b7ML+0mB2PR1Jqk7RQNg2V8=,pmAOaM9rgHPI+h0GnZDDLDgn0xs=
12,-2,5rE1+ZHvERLetI/0K8TnUxMcang=,pmAOaM9rgHPI+h0GnZDDLDgn0xs=
12,-1,5rE1+ZHvERLetI/0K8TnUxMcang=,pmAOaM9rgHPI+h0GnZDDLDgn0xs=
11,-1,5rE1+ZHvERLetI/0K8TnUxMcang=,eXhmN2xhbu8aQeYM1xgOLeKJQTg=
11,-2,5rE1+ZHvERLetI/0K8TnUxMcang=,vs1WtJVkmXzVa7Xm+wVpOjpC0I4=
11,-3,5rE1+ZHvERLetI/0K8TnUxMcang=,nEhR/x+KFLXLzEH9IK+0RTOGyLM=
10,-6,5rE1+ZHvERLetI/0K8TnUxMcang=,pmAOaM9rgHPI+h0GnZDDLDgn0xs=
10,-8,5rE1+ZHvERLetI/0K8TnUxMcang=,pmAOaM9rgHPI+h0GnZDDLDgn0xs=
10,-7,5rE1+ZHvERLetI/0K8TnUxMcang=,pmAOaM9rgHPI+h0GnZDDLDgn0xs=
10,-2,5rE1+ZHvERLetI/0K8TnUxMcang=,eXhmN2xhbu8aQeYM1xgOLeKJQTg=
10,-1,5rE1+ZHvERLetI/0K8TnUxMcang=,eXhmN2xhbu8aQeYM1xgOLeKJQTg=
10,-3,5rE1+ZHvERLetI/0K8TnUxMcang=,OF1xMkqy/TdOIEPLKQBvzWz1M/U=
10,-10,5rE1+ZHvERLetI/0K8TnUxMcang=,pmAOaM9rgHPI+h0GnZDDLDgn0xs=
10,-9,5rE1+ZHvERLetI/0K8TnUxMcang=,pmAOaM9rgHPI+h0GnZDDLDgn0xs=
10,-11,5rE1+ZHvERLetI/0K8TnUxMcang=,pmAOaM9rgHPI+h0GnZDDLDgn0xs=
9,-7,5rE1+ZHvERLetI/0K8TnUxMcang=,pmAOaM9rgHPI+h0GnZDDLDgn0xs=
9,-8,5rE1+ZHvERLetI/0K8TnUxMcang=,pmAOaM9rgHPI+h0GnZDDLDgn0xs=
9,-5,5rE1+ZHvERLetI/0K8TnUxMcang=,pmAOaM9rgHPI+h0GnZDDLDgn0xs=
9,-6,5rE1+ZHvERLetI/0K8TnUxMcang=,pmAOaM9rgHPI+h0GnZDDLDgn0xs=
9,-3,5rE1+ZHvERLetI/0K8TnUxMcang=,ghQjt6WBMaAuoPWeOxlxcMDPNJg=
9,-1,5rE1+ZHvERLetI/0K8TnUxMcang=,eXhmN2xhbu8aQeYM1xgOLeKJQTg=
9,-2,5rE1+ZHvERLetI/0K8TnUxMcang=,eXhmN2xhbu8aQeYM1xgOLeKJQTg=
9,-11,5rE1+ZHvERLetI/0K8TnUxMcang=,pmAOaM9rgHPI+h0GnZDDLDgn0xs=
9,-9,5rE1+ZHvERLetI/0K8TnUxMcang=,pmAOaM9rgHPI+h0GnZDDLDgn0xs=
9,-10,5rE1+ZHvERLetI/0K8TnUxMcang=,pmAOaM9rgHPI+h0GnZDDLDgn0xs=
8,-8,5rE1+ZHvERLetI/0K8TnUxMcang=,pmAOaM9rgHPI+h0GnZDDLDgn0xs=
8,-7,5rE1+ZHvERLetI/0K8TnUxMcang=,pmAOaM9rgHPI+h0GnZDDLDgn0xs=
8,-6,5rE1+ZHvERLetI/0K8TnUxMcang=,pmAOaM9rgHPI+h0GnZDDLDgn0xs=
8,-5,5rE1+ZHvERLetI/0K8TnUxMcang=,pmAOaM9rgHPI+h0GnZDDLDgn0xs=
8,-4,5rE1+ZHvERLetI/0K8TnUxMcang=,OOlR8rLkE0zbKJ101UG6JjYZ1rA=
8,-3,5rE1+ZHvERLetI/0K8TnUxMcang=,rr2aMGaLoQFCAkzzMVbQyrFymtw=
8,-2,5rE1+ZHvERLetI/0K8TnUxMcang=,eXhmN2xhbu8aQeYM1xgOLeKJQTg=
8,-1,5rE1+ZHvERLetI/0K8TnUxMcang=,eXhmN2xhbu8aQeYM1xgOLeKJQTg=
8,-10,5rE1+ZHvERLetI/0K8TnUxMcang=,pmAOaM9rgHPI+h0GnZDDLDgn0xs=
8,-9,5rE1+ZHvERLetI/0K8TnUxMcang=,pmAOaM9rgHPI+h0GnZDDLDgn0xs=
7,-9,5rE1+ZHvERLetI/0K8TnUxMcang=,UcnnYQbeejT+EA/Mv+x3B5stzoM=
7,-10,5rE1+ZHvERLetI/0K8TnUxMcang=,UcnnYQbeejT+EA/Mv+x3B5stzoM=
7,-1,5rE1+ZHvERLetI/0K8TnUxMcang=,qg/Sef2ComcOExIYxCdRogjUuMs=
7,-2,5rE1+ZHvERLetI/0K8TnUxMcang=,qg/Sef2ComcOExIYxCdRogjUuMs=
7,-3,5rE1+ZHvERLetI/0K8TnUxMcang=,lLPQdpOXbmkigp/18dmn1/bWr9U=
7,-4,5rE1+ZHvERLetI/0K8TnUxMcang=,A7py7JSNLmOAZtR5SsZEqISmA24=
7,-5,5rE1+ZHvERLetI/0K8TnUxMcang=,A7py7JSNLmOAZtR5SsZEqISmA24=
7,-6,5rE1+ZHvERLetI/0K8TnUxMcang=,A7py7JSNLmOAZtR5SsZEqISmA24=
7,-7,5rE1+ZHvERLetI/0K8TnUxMcang=,A7py7JSNLmOAZtR5SsZEqISmA24=
7,-8,5rE1+ZHvERLetI/0K8TnUxMcang=,pmGQ6PzH39jwoZb6AUDr+FpUdAk=
6,-10,5rE1+ZHvERLetI/0K8TnUxMcang=,UcnnYQbeejT+EA/Mv+x3B5stzoM=
6,-9,5rE1+ZHvERLetI/0K8TnUxMcang=,UcnnYQbeejT+EA/Mv+x3B5stzoM=
6,-11,5rE1+ZHvERLetI/0K8TnUxMcang=,UcnnYQbeejT+EA/Mv+x3B5stzoM=
6,-2,5rE1+ZHvERLetI/0K8TnUxMcang=,lLPQdpOXbmkigp/18dmn1/bWr9U=
6,-1,5rE1+ZHvERLetI/0K8TnUxMcang=,qg/Sef2ComcOExIYxCdRogjUuMs=
6,-4,5rE1+ZHvERLetI/0K8TnUxMcang=,9mk6DZybm8q6zdEFAJskesiUYAQ=
6,-3,5rE1+ZHvERLetI/0K8TnUxMcang=,0J6d6e0lBfPy88B/Y31IN6ZoSxA=
6,-6,5rE1+ZHvERLetI/0K8TnUxMcang=,9mk6DZybm8q6zdEFAJskesiUYAQ=
6,-5,5rE1+ZHvERLetI/0K8TnUxMcang=,9mk6DZybm8q6zdEFAJskesiUYAQ=
6,-8,5rE1+ZHvERLetI/0K8TnUxMcang=,bfX4XndZUoexGvM2bQ/rTP6IEgc=
6,-7,5rE1+ZHvERLetI/0K8TnUxMcang=,9mk6DZybm8q6zdEFAJskesiUYAQ=
5,-11,5rE1+ZHvERLetI/0K8TnUxMcang=,UcnnYQbeejT+EA/Mv+x3B5stzoM=
5,-9,5rE1+ZHvERLetI/0K8TnUxMcang=,UcnnYQbeejT+EA/Mv+x3B5stzoM=
5,-10,5rE1+ZHvERLetI/0K8TnUxMcang=,UcnnYQbeejT+EA/Mv+x3B5stzoM=
5,-3,5rE1+ZHvERLetI/0K8TnUxMcang=,ELH/2naYQXAnT/feEL1yvSxM35o=
5,-4,5rE1+ZHvERLetI/0K8TnUxMcang=,/lJuP29kK77J+T0A1QfOpzxCSS8=
5,-1,5rE1+ZHvERLetI/0K8TnUxMcang=,qg/Sef2ComcOExIYxCdRogjUuMs=
5,-2,5rE1+ZHvERLetI/0K8TnUxMcang=,ELH/2naYQXAnT/feEL1yvSxM35o=
5,-7,5rE1+ZHvERLetI/0K8TnUxMcang=,9mk6DZybm8q6zdEFAJskesiUYAQ=
5,-8,5rE1+ZHvERLetI/0K8TnUxMcang=,bfX4XndZUoexGvM2bQ/rTP6IEgc=
5,-5,5rE1+ZHvERLetI/0K8TnUxMcang=,T8OHZcMEpv8SEd/BKR3GFcPkp9w=
5,-6,5rE1+ZHvERLetI/0K8TnUxMcang=,9mk6DZybm8q6zdEFAJskesiUYAQ=
4,-11,5rE1+ZHvERLetI/0K8TnUxMcang=,UcnnYQbeejT+EA/Mv+x3B5stzoM=
4,-10,5rE1+ZHvERLetI/0K8TnUxMcang=,UcnnYQbeejT+EA/Mv+x3B5stzoM=
4,-9,5rE1+ZHvERLetI/0K8TnUxMcang=,UcnnYQbeejT+EA/Mv+x3B5stzoM=
4,-4,5rE1+ZHvERLetI/0K8TnUxMcang=,qg/Sef2ComcOExIYxCdRogjUuMs=
4,-3,5rE1+ZHvERLetI/0K8TnUxMcang=,qg/Sef2ComcOExIYxCdRogjUuMs=
4,-2,5rE1+ZHvERLetI/0K8TnUxMcang=,qg/Sef2ComcOExIYxCdRogjUuMs=
4,-1,5rE1+ZHvERLetI/0K8TnUxMcang=,qg/Sef2ComcOExIYxCdRogjUuMs=
4,-8,5rE1+ZHvERLetI/0K8TnUxMcang=,bfX4XndZUoexGvM2bQ/rTP6IEgc=
4,-7,5rE1+ZHvERLetI/0K8TnUxMcang=,9mk6DZybm8q6zdEFAJskesiUYAQ=
4,-6,5rE1+ZHvERLetI/0K8TnUxMcang=,9mk6DZybm8q6zdEFAJskesiUYAQ=
4,-5,5rE1+ZHvERLetI/0K8TnUxMcang=,1npsugYnb6K/Oi7b+U+vSlBlaZg=
3,-9,5rE1+ZHvERLetI/0K8TnUxMcang=,UcnnYQbeejT+EA/Mv+x3B5stzoM=
3,-10,5rE1+ZHvERLetI/0K8TnUxMcang=,UcnnYQbeejT+EA/Mv+x3B5stzoM=
3,-5,5rE1+ZHvERLetI/0K8TnUxMcang=,w+q5CkIc+yO58LU1qxlK+gQUnx0=
3,-6,5rE1+ZHvERLetI/0K8TnUxMcang=,9mk6DZybm8q6zdEFAJskesiUYAQ=
3,-7,5rE1+ZHvERLetI/0K8TnUxMcang=,I+HL9hG8FYvp8CxEIdhEVmk6fq8=
3,-8,5rE1+ZHvERLetI/0K8TnUxMcang=,3YkjL+tYFMu97TwG6BR/w8FiHYQ=
3,-1,5rE1+ZHvERLetI/0K8TnUxMcang=,qg/Sef2ComcOExIYxCdRogjUuMs=
3,-2,5rE1+ZHvERLetI/0K8TnUxMcang=,qg/Sef2ComcOExIYxCdRogjUuMs=
3,-3,5rE1+ZHvERLetI/0K8TnUxMcang=,qg/Sef2ComcOExIYxCdRogjUuMs=
3,-4,5rE1+ZHvERLetI/0K8TnUxMcang=,8/HQdClAV7AksaBAohuOV9bnd44=
2,-6,5rE1+ZHvERLetI/0K8TnUxMcang=,8ob5bRKmkNtFH3b4XQVYojoIZqk=
2,-5,5rE1+ZHvERLetI/0K8TnUxMcang=,pqo3Strv42ASAFgWmCsxB5DtQpE=
2,-7,5rE1+ZHvERLetI/0K8TnUxMcang=,rkUKLb0/5rvzU1NRKkmImkAVAaU=
2,-2,5rE1+ZHvERLetI/0K8TnUxMcang=,qg/Sef2ComcOExIYxCdRogjUuMs=
2,-1,5rE1+ZHvERLetI/0K8TnUxMcang=,qg/Sef2ComcOExIYxCdRogjUuMs=
2,-4,5rE1+ZHvERLetI/0K8TnUxMcang=,UuP2cSBPgbEfSjDb7idfzMkBSgM=
2,-3,5rE1+ZHvERLetI/0K8TnUxMcang=,8/HQdClAV7AksaBAohuOV9bnd44=
1,-9,5rE1+ZHvERLetI/0K8TnUxMcang=,UcnnYQbeejT+EA/Mv+x3B5stzoM=
1,-7,5rE1+ZHvERLetI/0K8TnUxMcang=,rkUKLb0/5rvzU1NRKkmImkAVAaU=
1,-8,5rE1+ZHvERLetI/0K8TnUxMcang=,qg/Sef2ComcOExIYxCdRogjUuMs=
1,-5,5rE1+ZHvERLetI/0K8TnUxMcang=,tBTl/HINilNHeOVO8keUI2tC2eU=
1,-6,5rE1+ZHvERLetI/0K8TnUxMcang=,ehEWtqCpqyRh2opDfedOPF3zuRc=
1,-3,5rE1+ZHvERLetI/0K8TnUxMcang=,x1KJX/+98nuU9uNFEhkYnqvawu4=
1,-4,5rE1+ZHvERLetI/0K8TnUxMcang=,UcnnYQbeejT+EA/Mv+x3B5stzoM=
1,-1,5rE1+ZHvERLetI/0K8TnUxMcang=,qg/Sef2ComcOExIYxCdRogjUuMs=
1,-2,d1ITIHBD1nAvN2iK8MRjuxcDhRg=,qg/Sef2ComcOExIYxCdRogjUuMs=
0,-9,d1ITIHBD1nAvN2iK8MRjuxcDhRg=,UcnnYQbeejT+EA/Mv+x3B5stzoM=
0,-8,d1ITIHBD1nAvN2iK8MRjuxcDhRg=,qg/Sef2ComcOExIYxCdRogjUuMs=
0,-7,d1ITIHBD1nAvN2iK8MRjuxcDhRg=,zTZX487ltZIsrCPujU+Y1JnEu2s=
0,-6,d1ITIHBD1nAvN2iK8MRjuxcDhRg=,Noje/BWUvW30vRSNW9DRmdi96Sc=
0,-5,d1ITIHBD1nAvN2iK8MRjuxcDhRg=,Noje/BWUvW30vRSNW9DRmdi96Sc=
0,-4,d1ITIHBD1nAvN2iK8MRjuxcDhRg=,Noje/BWUvW30vRSNW9DRmdi96Sc=
0,-3,d1ITIHBD1nAvN2iK8MRjuxcDhRg=,5qt7P8GC9UEVcHQUlSHrm+OYj4A=
0,-2,d1ITIHBD1nAvN2iK8MRjuxcDhRg=,qg/Sef2ComcOExIYxCdRogjUuMs=
0,-1,d1ITIHBD1nAvN2iK8MRjuxcDhRg=,qg/Sef2ComcOExIYxCdRogjUuMs=
